MCGS_TIME,MCGS_TIMEMS,Cold trap,Тем-ра камеры,№Іѕ§µгОВ¶И,регулир-я,Уставка температуры,"Вакуум, ПА",температура 1,температура 2,температура 3,температура 4,температура 5,температура 6
15.03.2024 11:51,314,1,-30.7,925.7,-12.6,-50,90026.66,-14.6,-18.7,-16.7,-20.6,-21,-20.4
15.03.2024 11:54,313,0.4,-32.6,925.7,-8.1,-50,110000,-16.3,-20.9,-18.9,-22.7,-23.2,-22.6
15.03.2024 11:57,313,0,-34.4,925.7,-4.4,-50,110000,-18.1,-22.9,-20.9,-24.7,-25.3,-24.7
15.03.2024 12:00,313,-0.6,-36,925.7,-1.4,-50,110000,-19.6,-24.8,-22.7,-26.4,-27.1,-26.6
15.03.2024 12:03,313,-1.1,-37.4,925.7,1.1,-50,110000,-20.9,-26.5,-24.3,-28.1,-28.9,-28.3
15.03.2024 12:06,314,-1.4,-38.7,925.7,3.3,-50,110000,-22.5,-28,-25.7,-29.7,-30.4,-29.7
15.03.2024 12:09,313,-2.1,-40,925.7,5.2,-50,110000,-23.6,-29.5,-27.1,-31,-31.8,-30.9
15.03.2024 12:12,314,-2.6,-41.2,925.7,6.8,-50,97160,-24.7,-30.8,-28.4,-32.4,-33.1,-31.8
15.03.2024 12:15,314,-3.1,-42.3,925.7,8.1,-50,95733.33,-25.6,-32.1,-29.5,-33.5,-34.3,-32.6
15.03.2024 12:18,314,-3.6,-43.4,925.7,9.2,-50,95733.33,-26.6,-33.2,-30.6,-34.6,-35.4,-33.4
15.03.2024 12:21,314,-4.2,-44.4,925.7,10.2,-50,94306.66,-27.4,-34.3,-31.6,-35.6,-36.5,-34.2
15.03.2024 12:24,313,-4.7,-45.3,925.7,11,-50,92880,-28.1,-35.3,-32.5,-36.7,-37.5,-35.2
15.03.2024 12:27,314,-5.1,-46.2,925.7,11.6,-50,92880,-28.9,-36.3,-33.3,-37.6,-38.4,-36.8
15.03.2024 12:30,314,-5.5,-47.1,925.7,12.2,-50,92880,-29.8,-37.2,-34.1,-38.4,-39.2,-38
15.03.2024 12:33,314,-6.2,-47.8,925.7,12.6,-50,92880,-30.6,-38.1,-34.8,-39.3,-40.1,-39
15.03.2024 12:36,313,-6.4,-48.6,925.7,13.1,-50,91453.33,-31.4,-38.9,-35.5,-39.8,-40.9,-40
15.03.2024 12:39,314,-7,-49.3,925.7,13.4,-50,91453.33,-32,-39.6,-36.1,-40.6,-41.7,-41.1
15.03.2024 12:42,314,-7.4,-50,925.7,13.6,-50,91453.33,-32.6,-40.4,-36.7,-41.2,-42.4,-42
15.03.2024 12:45,314,-5.8,-49.8,925.7,-59.1,-50,91453.33,-33.1,-41,-37.1,-41.6,-42.9,-42.5
15.03.2024 12:48,314,-6.3,-49.7,925.7,-65.9,-50,91453.33,-33.4,-41.6,-37.5,-42,-43.3,-42.9
15.03.2024 12:51,314,-6,-49.7,925.7,-69.5,-50,91453.33,-33.8,-42,-37.7,-42.3,-43.6,-43.2
15.03.2024 12:54,313,-6.3,-50,925.7,-72.3,-50,90026.66,-34.2,-42.3,-37.9,-42.5,-43.8,-43.4
15.03.2024 12:57,314,-7.3,-50.1,925.7,-74.4,-50,90026.66,-34.5,-42.6,-38,-42.6,-43.9,-43.5
15.03.2024 13:00,313,-9.4,-50.2,925.7,-78,-50,90026.66,-34.7,-42.8,-38.1,-42.8,-44,-43.7
15.03.2024 13:03,314,-13.8,-50.1,925.7,-83.7,-50,90026.66,-34.9,-43,-38.2,-42.9,-44.1,-43.8
15.03.2024 13:06,314,-18.2,-50,925.7,-85.1,-50,91453.33,-35,-43.1,-38.3,-43,-44.1,-43.9
15.03.2024 13:09,314,-18.2,-50,925.7,-82.7,-50,91453.33,-35.2,-43.2,-38.4,-43.1,-44.1,-44
15.03.2024 13:12,314,-17.5,-49.9,925.7,-80.7,-50,92880,-35.4,-43.3,-38.4,-43.1,-44.2,-44
15.03.2024 13:15,314,-16.1,-50,925.7,-77.9,-50,94306.66,-35.5,-43.4,-38.5,-43.2,-44.2,-44.1
15.03.2024 13:18,314,-13.9,-50,925.7,-73.4,-50,95733.33,-35.6,-43.4,-38.5,-43.2,-44.3,-44.1
15.03.2024 13:21,314,-10.8,-50.2,925.7,-73.4,-50,95733.33,-35.7,-43.4,-38.5,-43.3,-44.3,-44.1
15.03.2024 13:24,314,-10.3,-50.3,925.7,-78.1,-50,95733.33,-35.9,-43.5,-38.6,-43.3,-44.3,-44.2
15.03.2024 13:27,313,-11.7,-50.2,925.7,-81.3,-50,95733.33,-36,-43.5,-38.6,-43.3,-44.3,-44.2
15.03.2024 13:30,314,-13.5,-50.1,925.7,-82.5,-50,95733.33,-35.8,-43.6,-38.6,-43.4,-44.3,-44.2
15.03.2024 13:33,314,-15.5,-49.9,925.7,-76.7,-50,95733.33,-36,-43.6,-38.6,-43.4,-44.3,-44.2
15.03.2024 13:36,314,-13.7,-50.1,925.7,-73.8,-50,97160,-36.2,-43.7,-38.6,-43.4,-44.4,-44.2
15.03.2024 13:39,314,-11.5,-50.3,925.7,-74.4,-50,97160,-36.3,-43.7,-38.7,-43.5,-44.3,-44.2
15.03.2024 13:42,313,-11.7,-50.3,925.7,-78.5,-50,97160,-36.2,-43.7,-38.7,-43.5,-44.4,-44.3
15.03.2024 13:45,314,-12.4,-50.3,925.7,-81.9,-50,97160,-36.3,-43.8,-38.7,-43.5,-44.4,-44.3
15.03.2024 13:48,314,-13.9,-50.2,925.7,-83.6,-50,97160,-36.5,-43.8,-38.8,-43.6,-44.4,-44.3
15.03.2024 13:51,314,-15.7,-50.1,925.7,-84.3,-50,97160,-36.7,-43.8,-38.8,-43.6,-44.5,-44.3
15.03.2024 13:54,313,-17.2,-50,925.7,-83.3,-50,97160,-36.5,-43.8,-38.8,-43.6,-44.4,-44.4
15.03.2024 13:57,314,-17.7,-50,925.7,-79.7,-50,97160,-36.5,-43.9,-38.8,-43.6,-44.4,-44.4
15.03.2024 14:00,314,-15.5,-50.1,925.7,-76.4,-50,110000,-36.8,-43.9,-38.8,-43.6,-44.4,-44.4
15.03.2024 14:03,313,-12.8,-50.4,925.7,-76.5,-50,110000,-36.7,-43.9,-38.8,-43.6,-44.4,-44.4
15.03.2024 14:06,313,-12.1,-50.4,925.7,-79,-50,110000,-36.8,-43.9,-38.9,-43.6,-44.4,-44.4
15.03.2024 14:09,313,-12.7,-50.4,925.7,-81.1,-50,110000,-37,-44,-38.9,-43.7,-44.5,-44.4
15.03.2024 14:12,314,-13.4,-50.3,925.7,-82.9,-50,110000,-36.9,-44,-38.9,-43.7,-44.5,-44.4
15.03.2024 14:15,314,-14.6,-50.3,925.7,-84,-50,110000,-37,-44,-38.9,-43.7,-44.5,-44.5
15.03.2024 14:18,314,-15.1,-50.2,925.7,-84.5,-50,110000,-37,-44,-38.9,-43.8,-44.5,-44.5
15.03.2024 14:21,314,-16.1,-50.1,925.7,-85,-50,110000,-37.1,-44.1,-39,-43.8,-44.5,-44.5
15.03.2024 14:24,314,-17.1,-50.1,925.7,-85.3,-50,110000,-37.2,-44.1,-39,-43.8,-44.4,-44.5
15.03.2024 14:27,314,-18.2,-49.5,925.7,-85.5,-40,62920,-38.9,-43.8,-39,-43.8,-43.9,-44.6
15.03.2024 14:30,314,-25.2,-44.5,925.7,-86,-40,21546.66,-39.7,-43.8,-39.3,-43.3,-45,-44
15.03.2024 14:33,314,-25.1,-41,925.7,-85.4,-40,631.52,-39.9,-42.6,-38.6,-41.2,-42.3,-42.2
15.03.2024 14:36,314,-12.4,-39.9,925.7,-71.4,-40,91.25,-38.8,-40.1,-37.4,-38.8,-39.7,-40
15.03.2024 14:39,313,-9.6,-39.9,925.7,-62.1,-40,15,-36.6,-38.1,-36.6,-37,-38,-38.3
15.03.2024 14:42,313,-9.6,-39.8,925.7,-55,-40,3.6,-35,-36.9,-36,-35.8,-36.9,-37.2
15.03.2024 14:45,313,-9.2,-39.8,925.7,-47.2,-40,1.8,-34,-36.4,-35.5,-35.2,-36.4,-36.3
15.03.2024 14:48,313,-9.1,-39.8,925.7,-38.4,-40,0.7,-33.3,-36.3,-35.2,-34.8,-36,-35.9
15.03.2024 14:51,314,-8.7,-39.8,925.7,-30.8,-40,0.55,-32.9,-36.3,-34.9,-34.6,-35.6,-35.7
15.03.2024 14:54,314,-7.1,-40.2,925.7,-24.6,-40,0.5,-32.8,-36.3,-34.7,-34.5,-35.6,-35.7
15.03.2024 14:57,314,-7.4,-40.4,925.7,-21.7,-40,0.5,-32.6,-36.3,-34.6,-34.4,-35.5,-35.6
15.03.2024 15:00,314,-8.7,-40.1,925.7,-53.1,-40,0.5,-32.5,-36.3,-34.5,-34.3,-35.5,-35.6
15.03.2024 15:03,313,-9.2,-39.7,925.7,-72.7,-40,0.5,-32.4,-36.3,-34.4,-34.2,-35.5,-35.6
15.03.2024 15:06,314,-7.9,-40,925.7,-79.6,-40,0.45,-32.4,-36.3,-34.3,-34,-35.5,-35.5
15.03.2024 15:09,313,-7.1,-40.4,925.7,-73,-40,0.5,-32.3,-36.3,-34.2,-33.9,-35.5,-35.4
15.03.2024 15:12,313,-7.6,-40.2,925.7,-71.4,-40,0.5,-32.2,-36.3,-34.2,-33.8,-35.4,-35.3
15.03.2024 15:15,314,-8.5,-39.8,925.7,-73.3,-40,0.5,-32.2,-36.3,-34.1,-33.7,-35.4,-35.2
15.03.2024 15:18,313,-6.9,-39.9,925.7,-77.2,-40,0.45,-32.1,-36.4,-34.1,-33.6,-35.4,-35.1
15.03.2024 15:21,313,-5.7,-40.3,925.7,-76.2,-40,0.45,-32.1,-36.4,-34.1,-33.6,-35.3,-35.1
15.03.2024 15:24,314,-5.9,-40.3,925.7,-71.2,-40,0.45,-32.1,-36.5,-34.1,-33.5,-35.3,-35
15.03.2024 15:27,314,-6.7,-40,925.7,-70.8,-40,0.45,-32.1,-36.6,-34.1,-33.5,-35.3,-35
15.03.2024 15:30,313,-7.3,-39.8,925.7,-72.9,-40,0.45,-32.1,-36.7,-34.1,-33.5,-35.3,-35
15.03.2024 15:33,314,-6.7,-39.8,925.7,-76.8,-40,0.45,-32,-36.8,-34.1,-33.5,-35.3,-35
15.03.2024 15:36,313,-5.7,-40.1,925.7,-76.9,-40,0.45,-32,-36.8,-34.1,-33.5,-35.3,-35
15.03.2024 15:39,313,-5.2,-40.3,925.7,-73.6,-40,0.45,-32,-36.9,-34,-33.4,-35.3,-34.9
15.03.2024 15:42,313,-5.4,-40.3,925.7,-70.4,-40,0.5,-32,-36.9,-34,-33.4,-35.3,-34.9
15.03.2024 15:45,314,-6.3,-40,925.7,-70.4,-40,0.5,-32,-36.9,-34,-33.4,-35.3,-34.9
15.03.2024 15:48,313,-7.3,-39.8,925.7,-71.9,-40,0.5,-32,-37,-34,-33.4,-35.3,-34.9
15.03.2024 15:51,314,-7.4,-39.8,925.7,-74.9,-40,0.5,-31.9,-37,-34,-33.4,-35.3,-34.9
15.03.2024 15:54,314,-6.2,-40.1,925.7,-77.5,-40,0.45,-31.9,-37,-34,-33.4,-35.3,-34.9
15.03.2024 15:57,314,-5.6,-40.3,925.7,-73.4,-40,0.45,-31.9,-37,-34,-33.3,-35.3,-34.9
15.03.2024 16:00,314,-5.6,-40.3,925.7,-69.6,-40,0.45,-31.9,-37,-34,-33.3,-35.3,-34.9
15.03.2024 16:03,314,-6.4,-40,925.7,-70.3,-40,0.45,-31.9,-37.1,-34,-33.3,-35.3,-34.9
15.03.2024 16:06,313,-7.2,-39.8,925.7,-71.8,-40,0.45,-31.8,-37.1,-34,-33.3,-35.3,-34.9
15.03.2024 16:09,314,-7.6,-39.8,925.7,-73.5,-40,0.45,-31.7,-37.1,-34,-33.3,-35.3,-34.9
15.03.2024 16:12,314,-6.6,-39.9,925.7,-77.3,-40,0.4,-31.7,-37.1,-34,-33.2,-35.3,-34.9
15.03.2024 16:15,313,-6,-40.2,925.7,-75.8,-40,0.35,-31.7,-37.1,-34,-33.2,-35.4,-34.8
15.03.2024 16:18,314,-5.5,-40.4,925.7,-72.3,-40,0.35,-31.7,-37.1,-34,-33.2,-35.4,-34.8
15.03.2024 16:21,314,-5.7,-40.3,925.7,-69.5,-40,0.35,-31.7,-37.1,-34,-33.2,-35.4,-34.8
15.03.2024 16:24,314,-6.3,-40.1,925.7,-69.9,-40,0.35,-31.7,-37.1,-34,-33.2,-35.4,-34.8
15.03.2024 16:27,314,-9.5,-39.2,925.7,-81.4,-30,0.35,-31.9,-37.2,-34,-33.2,-35.4,-34.8
15.03.2024 16:30,314,-21.2,-35.1,925.7,-82.8,-30,0.45,-31.7,-37,-33.9,-32.9,-35,-34.6
15.03.2024 16:33,313,-20.2,-31.8,925.7,-83.3,-30,0.5,-31.2,-36.5,-33.2,-32.4,-34.2,-33.9
15.03.2024 16:36,313,-12,-30.1,925.7,-75.6,-30,0.55,-30.6,-36,-32.5,-31.7,-33.3,-33.1
15.03.2024 16:39,314,-9.5,-29.9,925.7,-60.2,-30,0.7,-30.1,-35.4,-31.9,-31,-32.7,-32.4
15.03.2024 16:42,314,-8.3,-29.8,925.7,-51.8,-30,0.7,-29.7,-35,-31.5,-30.5,-32.2,-31.8
15.03.2024 16:45,313,-7.4,-29.9,925.7,-43.4,-30,0.7,-29.4,-34.8,-31.2,-30,-31.9,-31.3
15.03.2024 16:48,313,-6.7,-30,925.7,-34.7,-30,0.7,-29.3,-34.6,-31,-29.7,-31.7,-31
15.03.2024 16:51,314,-6.9,-29.8,925.7,-27.3,-30,0.6,-29.2,-34.5,-30.9,-29.5,-31.6,-30.8
15.03.2024 16:54,314,-6.9,-29.8,925.7,-21.9,-30,0.6,-29.1,-34.5,-30.8,-29.3,-31.5,-30.6
15.03.2024 16:57,313,-6.7,-29.8,925.7,-24.7,-30,0.7,-29.1,-34.4,-30.7,-29.1,-31.4,-30.4
15.03.2024 17:00,314,-6.1,-29.9,925.7,-74.6,-30,0.7,-29,-34.3,-30.7,-29,-31.4,-30.3
15.03.2024 17:03,313,-4.8,-29.9,925.7,-79.1,-30,0.6,-28.9,-34.3,-30.6,-28.9,-31.3,-30.2
15.03.2024 17:06,314,-3.9,-30.1,925.7,-78.2,-30,0.6,-28.9,-34.3,-30.6,-28.8,-31.3,-30.2
15.03.2024 17:09,314,-3.4,-30.2,925.7,-75.9,-30,0.6,-28.9,-34.3,-30.6,-28.8,-31.3,-30.1
15.03.2024 17:12,314,-3,-30.4,925.7,-73.9,-30,0.7,-28.8,-34.2,-30.6,-28.7,-31.3,-30.1
15.03.2024 17:15,314,-2.8,-30.4,925.7,-72.8,-30,0.7,-28.8,-34.2,-30.5,-28.6,-31.2,-30
15.03.2024 17:18,313,-3,-30.4,925.7,-73,-30,0.7,-28.7,-34.1,-30.5,-28.6,-31.2,-30
15.03.2024 17:21,314,-3.2,-30.4,925.7,-72.1,-30,0.7,-28.7,-34.1,-30.5,-28.6,-31.2,-30
15.03.2024 17:24,314,-3.1,-30.4,925.7,-72,-30,0.7,-28.6,-34.1,-30.5,-28.5,-31.1,-29.9
15.03.2024 17:27,314,-3.3,-30.3,925.7,-73.8,-30,0.7,-28.6,-34,-30.5,-28.5,-31.1,-29.9
15.03.2024 17:30,314,-3.3,-30.3,925.7,-72.6,-30,0.7,-28.5,-34,-30.5,-28.4,-31.1,-29.9
15.03.2024 17:33,314,-3.4,-30.2,925.7,-74.7,-30,0.7,-28.5,-34,-30.5,-28.4,-31.1,-29.9
15.03.2024 17:36,314,-3.7,-30.1,925.7,-75.8,-30,0.7,-28.4,-34,-30.5,-28.4,-31.1,-29.9
15.03.2024 17:39,313,-4.1,-30,925.7,-76.4,-30,0.6,-28.4,-34.1,-30.5,-28.4,-31.1,-29.9
15.03.2024 17:42,314,-4.7,-29.9,925.7,-75.8,-30,0.6,-28.4,-34.1,-30.5,-28.4,-31.1,-29.8
15.03.2024 17:45,314,-5.1,-29.9,925.7,-72.3,-30,0.6,-28.3,-34.1,-30.5,-28.3,-31.1,-29.8
15.03.2024 17:48,314,-5.3,-29.8,925.7,-71,-30,0.6,-28.3,-34.1,-30.5,-28.3,-31.1,-29.8
15.03.2024 17:51,314,-5.3,-29.8,925.7,-68.4,-30,0.6,-28.3,-34,-30.5,-28.3,-31,-29.8
15.03.2024 17:54,313,-5,-29.9,925.7,-67.5,-30,0.6,-28.2,-34,-30.5,-28.3,-31,-29.8
15.03.2024 17:57,313,-4.9,-29.9,925.7,-67.5,-30,0.6,-28.2,-34,-30.5,-28.3,-31,-29.8
15.03.2024 18:00,314,-4.9,-30,925.7,-67.2,-30,0.6,-28.1,-34,-30.5,-28.2,-31,-29.8
15.03.2024 18:03,314,-4.5,-30.1,925.7,-66.9,-30,0.55,-28.1,-34,-30.5,-28.2,-31,-29.8
15.03.2024 18:06,314,-4.2,-30.2,925.7,-66.8,-30,0.55,-28,-34,-30.5,-28.2,-31,-29.8
15.03.2024 18:09,314,-4,-30.2,925.7,-66.3,-30,0.55,-28,-34,-30.4,-28.2,-31,-29.8
15.03.2024 18:12,313,-3.8,-30.2,925.7,-66.4,-30,0.55,-27.9,-34,-30.4,-28.2,-31,-29.8
15.03.2024 18:15,314,-3.4,-30.4,925.7,-66.6,-30,0.55,-27.9,-34,-30.4,-28.2,-31,-29.8
15.03.2024 18:18,314,-3.2,-30.4,925.7,-67.6,-30,0.55,-27.8,-34,-30.4,-28.2,-31,-29.8
15.03.2024 18:21,314,-3.1,-30.5,925.7,-67.9,-30,0.55,-27.8,-34,-30.4,-28.1,-30.9,-29.8
15.03.2024 18:24,314,-3.1,-30.5,925.7,-69.5,-30,0.55,-27.8,-34,-30.4,-28.1,-30.9,-29.8
15.03.2024 18:27,313,-3.2,-30.2,925.7,-71.7,-15,0.55,-27.7,-33.9,-30.4,-28.1,-30.9,-29.8
15.03.2024 18:30,314,-17.3,-26.3,925.7,-80.8,-15,0.45,-27.6,-34,-30.4,-28,-30.7,-29.7
15.03.2024 18:33,313,-18.5,-22.9,925.7,-83,-15,0.5,-27.3,-33.9,-30.1,-27.6,-30.1,-29.3
15.03.2024 18:36,313,-23.2,-19.5,925.7,-87.5,-15,0.55,-26.7,-33.5,-29.6,-27,-29.4,-28.7
15.03.2024 18:39,314,-27.8,-16.3,925.7,-90.9,-15,0.6,-26.1,-33.2,-29.1,-26.2,-28.6,-27.9
15.03.2024 18:42,314,-11.8,-15.1,925.7,-76.1,-15,0.7,-25.4,-32.8,-28.5,-25.5,-27.9,-27.1
15.03.2024 18:45,314,-5.2,-15.7,925.7,-57.2,-15,0.8,-24.9,-32.5,-27.9,-24.9,-27.5,-26.4
15.03.2024 18:48,314,-5,-15.8,925.7,-50.3,-15,0.9,-24.6,-32.3,-27.6,-24.5,-27.2,-25.9
15.03.2024 18:51,313,-6.5,-14.9,925.7,-43.2,-15,0.9,-24.3,-32.1,-27.4,-24.2,-27,-25.6
15.03.2024 18:54,313,-3.1,-15.4,925.7,-34.4,-15,1,-24.1,-32,-27.3,-23.9,-26.8,-25.4
15.03.2024 18:57,313,-1.8,-15.9,925.7,-63.9,-15,1,-23.9,-31.8,-27.2,-23.8,-26.6,-25.2
15.03.2024 19:00,314,-4.6,-15.2,925.7,-60.4,-15,1,-23.8,-31.8,-27.3,-23.6,-26.5,-25.1
15.03.2024 19:03,314,-4.8,-15,925.7,-75.8,-15,0.9,-23.7,-31.7,-27.4,-23.5,-26.5,-25
15.03.2024 19:06,314,-2.4,-15.3,925.7,-76.5,-15,0.9,-23.6,-31.6,-27.4,-23.5,-26.4,-25
15.03.2024 19:09,314,-1.4,-15.8,925.7,-66.8,-15,0.9,-23.5,-31.6,-27.6,-23.4,-26.4,-24.9
15.03.2024 19:12,313,-2,-15.8,925.7,-63.3,-15,0.8,-23.4,-31.5,-27.8,-23.4,-26.3,-24.9
15.03.2024 19:15,313,-3.5,-15.2,925.7,-60.9,-15,0.9,-23.4,-31.5,-27.9,-23.3,-26.3,-24.9
15.03.2024 19:18,314,-5.2,-14.9,925.7,-66.5,-15,0.9,-23.3,-31.5,-27.9,-23.3,-26.3,-24.9
15.03.2024 19:21,314,-2.2,-15.4,925.7,-71.8,-15,1,-23.3,-31.4,-27.9,-23.3,-26.2,-24.9
15.03.2024 19:24,314,-0.9,-15.7,925.7,-68.7,-15,1,-23.2,-31.3,-27.9,-23.2,-26.1,-24.9
15.03.2024 19:27,313,-1.5,-15.8,925.7,-63.1,-15,0.9,-23.1,-31.3,-28,-23.2,-26.1,-24.9
15.03.2024 19:30,314,-3,-15.2,925.7,-60.8,-15,1,-23.1,-31.3,-28,-23.2,-26.1,-24.9
15.03.2024 19:33,314,-4.1,-14.9,925.7,-66.2,-15,0.8,-23.1,-31.3,-28,-23.1,-26,-24.9
15.03.2024 19:36,314,-3.3,-15.1,925.7,-72.9,-15,0.7,-23,-31.3,-28,-23.1,-26,-24.9
15.03.2024 19:39,313,-1.7,-15.5,925.7,-56.1,-15,1,-23,-31.2,-28,-23.1,-26,-24.9
15.03.2024 19:42,314,-1.5,-15.8,925.7,-65.1,-15,1,-22.9,-31.1,-27.9,-23.1,-25.9,-24.9
15.03.2024 19:45,313,-2.8,-15.4,925.7,-61.3,-15,0.9,-22.9,-31.1,-27.9,-23,-25.8,-24.9
15.03.2024 19:48,314,-4.1,-14.9,925.7,-65,-15,1,-22.8,-31.1,-27.9,-23,-25.8,-24.9
15.03.2024 19:51,314,-3,-15.1,925.7,-75.8,-15,0.8,-22.8,-31.1,-27.9,-23,-25.8,-24.9
15.03.2024 19:54,314,-1.8,-15.4,925.7,-72.2,-15,0.7,-22.7,-31.2,-27.9,-23,-25.8,-24.9
15.03.2024 19:57,313,-1.1,-15.8,925.7,-58.6,-15,0.8,-22.7,-31.1,-27.9,-23,-25.8,-25
15.03.2024 20:00,314,-3.9,-15.6,925.7,-47.2,-15,1,-22.7,-30.9,-27.9,-22.9,-25.7,-25
15.03.2024 20:03,314,-5.7,-14.9,925.7,-65.6,-15,1.2,-22.6,-30.9,-27.8,-22.9,-25.6,-25
15.03.2024 20:06,314,-2.5,-15.1,925.7,-77.6,-15,1,-22.6,-30.9,-27.8,-22.8,-25.6,-25
15.03.2024 20:09,314,-1.4,-15.5,925.7,-73.5,-15,0.9,-22.5,-30.9,-27.8,-22.8,-25.6,-25
15.03.2024 20:12,314,-1.2,-15.8,925.7,-65.1,-15,0.9,-22.5,-30.9,-27.8,-22.8,-25.5,-25
15.03.2024 20:15,313,-1.5,-15.8,925.7,-62.5,-15,0.7,-22.5,-31,-27.9,-22.8,-25.5,-25
15.03.2024 20:18,314,-3.3,-15.4,925.7,-58.2,-15,1,-22.4,-30.9,-27.9,-22.8,-25.5,-25.1
15.03.2024 20:21,314,-5.3,-14.9,925.7,-49.4,-15,1,-22.4,-30.8,-27.8,-22.8,-25.5,-25.1
15.03.2024 20:24,314,-2.3,-15.3,925.7,-71.8,-15,1.2,-22.4,-30.7,-27.8,-22.7,-25.4,-25.1
15.03.2024 20:27,314,-0.7,-15.7,925.7,-71.7,0,1,-22.3,-30.7,-27.7,-22.7,-25.3,-25
15.03.2024 20:30,314,-15.7,-12,925.7,-80.7,0,0.6,-22.2,-30.9,-27.8,-22.5,-25.1,-25
15.03.2024 20:33,314,-16.8,-8.7,925.7,-80.4,0,0.5,-21.8,-30.9,-27.8,-22.2,-24.5,-24.7
15.03.2024 20:36,314,-20.9,-5.5,925.7,-74.8,0,0.7,-21.4,-30.7,-27.6,-21.7,-23.9,-24.3
15.03.2024 20:39,313,-31.3,-2.3,925.7,-65.6,0,0.9,-20.7,-30.3,-27.3,-21,-23,-23.7
15.03.2024 20:42,313,-34.7,-0.1,925.7,-54.3,0,1.2,-20.1,-29.9,-26.9,-20.3,-22,-23
15.03.2024 20:45,313,-4.8,-0.3,925.7,-44.2,0,1.4,-19.5,-29.5,-26.5,-19.8,-21.5,-22.4
15.03.2024 20:48,313,-3.8,-1.1,925.7,-35.5,0,1.9,-19.1,-29.2,-26.1,-19.4,-21.1,-22
15.03.2024 20:51,314,-7.7,0,925.7,-29.7,0,2.1,-18.8,-29,-25.9,-19.1,-20.9,-21.7
15.03.2024 20:54,314,-4.8,-0.1,925.7,-78.8,0,2.3,-18.5,-28.7,-25.7,-18.9,-20.7,-21.5
15.03.2024 20:57,313,-1.9,-0.3,925.7,-76.5,0,2.3,-18.2,-28.5,-25.5,-18.7,-20.5,-21.3
15.03.2024 21:00,314,0,-0.9,925.7,-67.1,0,2.1,-18,-28.4,-25.5,-18.5,-20.4,-21.2
15.03.2024 21:03,314,-0.3,-1.1,925.7,-60.4,0,2,-17.8,-28.4,-25.4,-18.5,-20.3,-21.1
15.03.2024 21:06,314,-2.7,-0.1,925.7,-58,0,1.9,-17.7,-28.7,-25.5,-18.4,-20.4,-21.2
15.03.2024 21:09,314,-2.8,-0.4,925.7,-50.2,0,1.8,-17.7,-28.5,-25.5,-18.5,-20.4,-21.2
15.03.2024 21:12,314,-2.4,-0.4,925.7,-51.8,0,2.1,-17.5,-28.3,-25.4,-18.4,-20.2,-21.2
15.03.2024 21:15,314,0.6,-1,925.7,-70.7,0,1.9,-17.4,-28.3,-25.4,-18.3,-20.1,-21.1
15.03.2024 21:18,313,-2.2,-0.4,925.7,-57,0,1.9,-17.4,-28.3,-25.4,-18.3,-20.1,-21.1
15.03.2024 21:21,314,-2.6,0,925.7,-69.6,0,1,-17.3,-28.5,-25.4,-18.3,-20.1,-21.1
15.03.2024 21:24,314,-2.4,-0.1,925.7,-59.1,0,1.4,-17.3,-28.4,-25.5,-18.3,-20.1,-21.2
15.03.2024 21:27,313,-2.1,-0.8,925.7,-46.5,0,2,-17.2,-28.1,-25.4,-18.3,-20,-21.2
15.03.2024 21:30,313,-1.6,-0.9,925.7,-58.6,0,2.1,-17.1,-27.9,-25.2,-18.2,-19.8,-21.1
15.03.2024 21:33,314,-0.8,-0.8,925.7,-57.3,0,1.9,-17,-28,-25.2,-18.2,-19.8,-21
15.03.2024 21:36,314,-2.6,0,925.7,-73.5,0,1.4,-16.9,-28.2,-25.3,-18.1,-19.8,-21
15.03.2024 21:39,314,-1.2,-0.4,925.7,-72.5,0,0.9,-16.9,-28.3,-25.3,-18.2,-19.8,-21.1
15.03.2024 21:42,314,-1.2,-0.8,925.7,-51.7,0,1.9,-16.8,-28,-25.3,-18.2,-19.7,-21.1
15.03.2024 21:45,313,-7.3,-0.2,925.7,-43.2,0,2.3,-16.7,-27.8,-25.1,-18.1,-19.6,-21.1
15.03.2024 21:48,314,-3.6,-0.2,925.7,-78.8,0,2.3,-16.6,-27.6,-24.9,-18,-19.4,-21
15.03.2024 21:51,314,0,-0.7,925.7,-74,0,2.1,-16.5,-27.7,-24.9,-18,-19.3,-20.9
15.03.2024 21:54,314,-0.7,-0.4,925.7,-71.2,0,1.8,-16.4,-27.7,-24.9,-17.9,-19.3,-20.9
15.03.2024 21:57,314,-1,-1,925.7,-61.6,0,0.9,-16.4,-27.9,-25,-17.9,-19.3,-21
15.03.2024 22:00,314,-7.2,-0.1,925.7,-51.6,0,2.2,-16.3,-27.7,-25,-18,-19.3,-21
15.03.2024 22:03,314,-4.6,0,925.7,-78.8,0,2.1,-16.3,-27.5,-24.8,-17.9,-19.1,-21
15.03.2024 22:06,314,-1.1,-0.3,925.7,-75.1,0,1.8,-16.2,-27.6,-24.8,-17.8,-19,-20.9
15.03.2024 22:09,314,-0.2,-0.9,925.7,-67.9,0,1,-16.1,-27.6,-24.8,-17.8,-19,-21
15.03.2024 22:12,314,-0.6,-0.9,925.7,-59.6,0,1.2,-16.1,-27.7,-24.9,-17.9,-19,-21.1
15.03.2024 22:15,313,-4.5,-0.5,925.7,-47.8,0,2.1,-16,-27.3,-24.8,-17.9,-18.9,-21.1
15.03.2024 22:18,314,-4.5,-0.2,925.7,-42,0,2.2,-16,-27.2,-24.6,-17.8,-18.8,-21
15.03.2024 22:21,313,-0.2,-1,925.7,-65.3,0,2.3,-15.9,-27,-24.5,-17.7,-18.6,-20.9
15.03.2024 22:24,313,-0.7,-0.9,925.7,-57.9,0,2.1,-15.8,-27,-24.5,-17.6,-18.6,-20.9
15.03.2024 22:27,314,-2.6,0,925.7,-74.8,20,1.4,-15.7,-27.2,-24.5,-17.6,-18.6,-20.9
15.03.2024 22:30,313,-12,3.3,925.7,-77.5,20,0.55,-15.5,-27.5,-24.7,-17.4,-18.2,-20.8
15.03.2024 22:33,314,-22.9,6.5,925.7,-69.7,20,1.2,-15.1,-27.1,-24.6,-17.1,-17.5,-20.6
15.03.2024 22:36,314,-33.6,9.6,925.7,-60.1,20,1.8,-14.6,-26.7,-24.3,-16.5,-16.6,-20.1
15.03.2024 22:39,314,-37.9,12.6,925.7,-92.1,20,2.1,-13.9,-26.2,-23.9,-15.8,-15.7,-19.5
15.03.2024 22:42,314,-34.1,15.6,925.7,-90.1,20,2,-13.1,-25.8,-23.5,-15.1,-14.7,-18.8
15.03.2024 22:45,314,-29.6,18.6,925.7,-88.2,20,1.9,-12.3,-25.5,-23.2,-14.4,-13.8,-18.2
15.03.2024 22:48,314,-13.7,19.5,925.7,-60.8,20,2.5,-11.5,-24.9,-22.8,-13.8,-13,-17.7
15.03.2024 22:51,313,-5.5,19.9,925.7,-55.8,20,2.4,-10.8,-24.6,-22.5,-13.5,-12.6,-17.3
15.03.2024 22:54,314,-7.3,19.8,925.7,-73.6,20,2.8,-10.3,-24.1,-22.1,-13.2,-12.3,-17
15.03.2024 22:57,313,-3.9,19.8,925.7,-76.3,20,2.8,-9.9,-23.8,-21.8,-12.9,-12,-16.8
15.03.2024 23:00,314,-2.1,19.5,925.7,-62.1,20,2.5,-9.5,-23.7,-21.8,-12.7,-11.9,-16.7
15.03.2024 23:03,313,-5.7,19.8,925.7,-57.4,20,2.5,-9.2,-23.7,-21.8,-12.7,-11.8,-16.8
15.03.2024 23:06,314,-5,19.3,925.7,-63.3,20,2.6,-9,-23.2,-21.6,-12.6,-11.6,-16.7
15.03.2024 23:09,313,-1.1,19.5,925.7,-56,20,2.1,-8.8,-23.3,-21.6,-12.5,-11.5,-16.7
15.03.2024 23:12,314,-3.1,19.2,925.7,-59.9,20,2.2,-8.7,-23.1,-21.6,-12.5,-11.3,-16.8
15.03.2024 23:15,313,-1.1,19.1,925.7,-59.6,20,2.1,-8.5,-22.9,-21.5,-12.5,-11.2,-16.8
15.03.2024 23:18,313,-7,19.8,925.7,-64.4,20,2.6,-8.4,-22.6,-21.4,-12.4,-11,-16.7
15.03.2024 23:21,314,-3,19.9,925.7,-76.4,20,2.4,-8.2,-22.3,-21.3,-12.3,-10.7,-16.6
15.03.2024 23:24,313,0.4,19.6,925.7,-70.2,20,1.4,-8.1,-22.5,-21.3,-12.2,-10.7,-16.6
15.03.2024 23:27,313,-7.8,19.9,925.7,-58.3,20,2.9,-8,-22.2,-21.4,-12.2,-10.1,-16.7
15.03.2024 23:30,313,-3.8,19.8,925.7,-78.8,20,2.8,-7.9,-21.6,-21.1,-12.1,-9.8,-16.6
15.03.2024 23:33,314,-3.5,20,925.7,-74.9,20,2.2,-7.8,-21.5,-21.1,-12,-9.7,-16.5
15.03.2024 23:36,313,0,19.9,925.7,-71.3,20,1.2,-7.6,-21.5,-21.1,-11.9,-9.6,-16.6
15.03.2024 23:39,314,-2,19.5,925.7,-53.2,20,2.4,-7.6,-21,-21.1,-11.9,-9.5,-16.7
15.03.2024 23:42,314,-1.2,18.8,925.7,-43.8,20,2.8,-7.5,-20.3,-20.8,-11.8,-9.2,-16.5
15.03.2024 23:45,313,-7.5,20,925.7,-67.4,20,3.5,-7.4,-19.8,-20.5,-11.6,-9.1,-16.4
15.03.2024 23:48,314,-1,19.7,925.7,-73.5,20,2.7,-7.2,-19.5,-20.4,-11.4,-8.9,-16.3
15.03.2024 23:51,314,0.6,19.4,925.7,-67.5,20,1.2,-7.1,-18.9,-20.5,-11.2,-8.9,-16.3
15.03.2024 23:54,314,-3.2,20,925.7,-62.2,20,2.2,-7,-17.8,-20.6,-11.2,-8.8,-16.5
15.03.2024 23:57,313,-3.2,19.4,925.7,-63.5,20,2.6,-6.9,-16.4,-20.3,-10.7,-8.5,-16.4
16.03.2024 0:00,314,-1,20,925.7,-73.2,20,1.9,-6.8,-14,-20.3,-9.8,-8.4,-16.3
16.03.2024 0:03,314,-1.2,19.6,925.7,-54,20,2.4,-6.8,-13,-20.2,-9.4,-8.6,-16.4
16.03.2024 0:06,314,-4.2,19.7,925.7,-76.9,20,2.7,-6.6,-12.2,-20,-9.1,-8.5,-16.2
16.03.2024 0:09,314,0.2,18.9,925.7,-56.1,20,2.1,-6.6,-11.7,-19.9,-8.8,-8.4,-16.2
16.03.2024 0:12,314,0.1,19.6,925.7,-68.5,20,1.2,-6.5,-11.3,-20.1,-8.6,-8.3,-16.3
16.03.2024 0:15,313,-5.8,19.9,925.7,-52.2,20,2.4,-6.4,-10.7,-19.9,-8.4,-8.1,-16.3
16.03.2024 0:18,314,-2.8,19.6,925.7,-63.9,20,2.7,-6.3,-10.2,-19.6,-8.2,-8,-16.1
16.03.2024 0:21,314,-2.6,20,925.7,-76,20,2.2,-6.2,-9.7,-19.5,-7.8,-7.8,-15.9
16.03.2024 0:24,314,0.3,19.7,925.7,-71.2,20,1.4,-6.1,-9.4,-19.6,-7.6,-7.8,-16
16.03.2024 0:27,314,-6.8,19.9,925.7,-71.9,20,2.2,-6,-9.1,-19.6,-7.4,-7.6,-16.1
16.03.2024 0:30,314,-4.4,19.3,925.7,-56.6,20,2.7,-5.9,-8.6,-19.3,-7.2,-7.4,-15.9
16.03.2024 0:33,314,-2.4,20,925.7,-65,20,2.2,-5.8,-8.3,-19.2,-6.9,-7.3,-15.8
16.03.2024 0:36,314,-0.1,19.9,925.7,-72,20,1,-5.7,-8.1,-19.4,-6.7,-7.3,-15.9
16.03.2024 0:39,314,-7.3,19.7,925.7,-59.6,20,2.4,-5.6,-7.7,-19.2,-6.5,-7.1,-15.8
16.03.2024 0:42,314,-4.5,20,925.7,-74.8,20,2.2,-5.5,-7.3,-19,-6.2,-6.9,-15.7
16.03.2024 0:45,314,-0.2,19.9,925.7,-72.1,20,1.2,-5.5,-7.1,-19.1,-5.9,-6.8,-15.7
16.03.2024 0:48,314,-1.7,19.3,925.7,-55.3,20,2.1,-5.4,-6.7,-19,-5.7,-6.7,-15.6
16.03.2024 0:51,314,-1.9,18.9,925.7,-55.6,20,2.4,-5.3,-6.2,-18.7,-5.4,-6.5,-15.5
16.03.2024 0:54,314,-3.4,19.8,925.7,-77.4,20,2.2,-5.2,-5.9,-18.6,-5.1,-6.4,-15.3
16.03.2024 0:57,314,0.4,19.2,925.7,-64.3,20,1.2,-5.1,-5.7,-18.6,-4.8,-6.3,-15.3
16.03.2024 1:00,313,-1.6,19.2,925.7,-56.8,20,1.9,-5,-5.4,-18.7,-4.6,-6.3,-15.4
16.03.2024 1:03,314,-6.5,19.6,925.7,-63,20,2.5,-5,-5,-18.4,-4.4,-6,-15.2
16.03.2024 1:06,313,0.1,19.3,925.7,-63.7,20,1.9,-4.8,-4.7,-18.2,-4.1,-5.9,-15.1
16.03.2024 1:09,314,1,19.1,925.7,-58.3,20,1,-4.8,-4.5,-18.2,-3.8,-5.9,-15.1
16.03.2024 1:12,313,-2.1,19.3,925.7,-47.3,20,2.2,-4.7,-4.4,-18,-3.7,-5.7,-15
16.03.2024 1:15,314,-5.2,19.3,925.7,-55.2,20,2.6,-4.6,-4.1,-17.6,-3.4,-5.6,-14.8
16.03.2024 1:18,313,-1.8,20,925.7,-75,20,1.9,-4.5,-3.9,-17.4,-3.1,-5.5,-14.7
16.03.2024 1:21,313,-0.1,19.9,925.7,-59.1,20,1.8,-4.3,-3.8,-17.3,-2.8,-5.4,-14.6
16.03.2024 1:24,314,-4.7,19.7,925.7,-61.7,20,1.9,-4.2,-3.7,-16.9,-2.5,-5.2,-14.6
16.03.2024 1:27,314,-5.8,20.5,925.7,-76.6,35,1.4,-4.1,-3.5,-16.4,-2.2,-5,-14.4
16.03.2024 1:30,313,-13.2,23.6,925.7,-78.2,35,0.7,-3.8,-3.2,-16.2,-1.6,-4.5,-14.3
16.03.2024 1:33,314,-23.4,26.7,925.7,-70.8,35,1.2,-3.3,-2.6,-15.8,-0.8,-3.6,-13.8
16.03.2024 1:36,314,-34.1,29.7,925.7,-62,35,1.9,-2.7,-1.7,-15.3,0.2,-2.5,-13.2
16.03.2024 1:39,314,-38.4,32.6,925.7,-91.9,35,2.1,-1.9,-0.7,-14.7,1.5,-1.4,-12.5
16.03.2024 1:42,314,-34.3,34.7,925.7,-75.3,35,2,-1,0.3,-14.1,2.8,-0.3,-11.8
16.03.2024 1:45,314,-6.6,34.8,925.7,-54.5,35,2.3,-0.2,1.2,-13.6,4,0.2,-11.3
16.03.2024 1:48,314,-3.5,34.5,925.7,-82.2,35,2.7,0.3,2.1,-13,5,0.6,-10.8
16.03.2024 1:51,314,-1,34.2,925.7,-61.8,35,2.4,0.8,2.9,-12.6,6,1,-10.5
16.03.2024 1:54,313,-0.9,34.7,925.7,-57.9,35,1.4,1.3,3.5,-12.5,6.8,1.4,-10.4
16.03.2024 1:57,314,-5,34.7,925.7,-52.5,35,2.3,1.6,4.1,-12.2,7.5,1.7,-10.1
16.03.2024 2:00,314,-6.9,34.8,925.7,-62.3,35,2.8,1.9,4.7,-11.8,8.2,2,-9.8
16.03.2024 2:03,314,-1.5,34.5,925.7,-60.9,35,2.2,2.2,5.3,-11.5,8.9,2.3,-9.6
16.03.2024 2:06,313,-1.3,34.5,925.7,-54.4,35,1.9,2.5,5.8,-11.4,9.5,2.5,-9.4
16.03.2024 2:09,313,-21.3,35,925.7,-81.1,35,2.2,2.7,6.2,-11.1,10,2.8,-9.1
16.03.2024 2:12,314,-7.2,35,925.7,-75.7,35,2.8,2.8,6.6,-10.7,10.6,3,-8.6
16.03.2024 2:15,314,-1.2,34.9,925.7,-66.7,35,1.6,3.1,7,-10.5,11.2,3.3,-8.1
16.03.2024 2:18,314,-0.3,34.5,925.7,-63.3,35,1.2,3.3,7.4,-10.4,11.7,3.5,-7.4
16.03.2024 2:21,314,-2.6,34.7,925.7,-73,35,1,3.5,7.8,-10.2,12.2,3.8,-5.5
16.03.2024 2:24,314,-4.9,34.9,925.7,-56.6,35,2,3.6,8.1,-9.9,12.7,4.1,-4.4
16.03.2024 2:27,314,-6.2,35,925.7,-84.9,35,2.2,3.8,8.5,-9.6,13.2,4.4,-3.2
16.03.2024 2:30,314,-2,34.5,925.7,-80.7,35,2.2,3.9,9,-9.3,13.7,4.6,-2.1
16.03.2024 2:33,314,0.3,34.3,925.7,-67.1,35,1.9,4.1,9.4,-9.1,14.2,4.9,-1.1
16.03.2024 2:36,314,-5,34.9,925.7,-56.5,35,2,4.3,9.8,-9,14.6,5.2,-0.4
16.03.2024 2:39,314,-13,35,925.7,-79.7,35,2.2,4.4,10.2,-8.7,15,5.3,0.2
16.03.2024 2:42,313,-6.2,35,925.7,-79.5,35,2,4.6,10.6,-8.4,15.4,5.6,0.8
16.03.2024 2:45,313,0.3,34.6,925.7,-67.8,35,0.7,4.8,11,-8.2,15.9,5.9,1.4
16.03.2024 2:48,313,-3.5,35,925.7,-53,35,1.6,4.9,11.3,-7.9,16.2,6.1,1.9
16.03.2024 2:51,313,-2.5,34.6,925.7,-71.8,35,1.9,5,11.6,-7.6,16.6,6.5,2.5
16.03.2024 2:54,314,0.6,34.8,925.7,-69.8,35,0.7,5.2,12,-7.4,17,6.8,3
16.03.2024 2:57,314,-5,34.7,925.7,-65.7,35,1.9,5.3,12.3,-7.1,17.3,7.1,3.6
16.03.2024 3:00,313,0.1,34.6,925.7,-69.1,35,0.8,5.4,12.7,-6.7,17.7,7.5,4.1
16.03.2024 3:03,313,-6,34.9,925.7,-69.1,35,1.8,5.5,13,-6.5,18.1,7.8,4.7
16.03.2024 3:06,314,-2.5,34.7,925.7,-56.5,35,1.8,5.7,13.4,-6.1,18.4,8.2,5.3
16.03.2024 3:09,314,-1.9,34.7,925.7,-56.4,35,1.4,5.8,13.7,-5.9,18.8,8.6,5.9
16.03.2024 3:12,314,-10.8,34.9,925.7,-83.9,35,1.9,5.9,14.1,-5.5,19.2,9,6.5
16.03.2024 3:15,314,-2.7,34.9,925.7,-76.2,35,1.4,6.1,14.5,-5.1,19.6,9.4,7.1
16.03.2024 3:18,313,-0.6,34.9,925.7,-62.2,35,1,6.2,14.8,-4.8,20,9.8,7.7
16.03.2024 3:21,314,-2.8,34.2,925.7,-57.3,35,1.4,6.4,15.2,-4.5,20.4,10.3,8.3
16.03.2024 3:24,314,-0.7,34.3,925.7,-64.5,35,1.4,6.5,15.6,-4.1,20.8,10.7,9
16.03.2024 3:27,313,-0.5,34.7,925.7,-68.1,35,0.55,6.7,16.1,-3.8,21.2,11.1,9.7
16.03.2024 3:30,313,-11.2,34.9,925.7,-50.9,35,1.4,6.7,16.4,-3.5,21.6,11.5,10.2
16.03.2024 3:33,314,-8.3,34.9,925.7,-83.6,35,2,6.8,16.9,-3,21.9,11.9,10.9
16.03.2024 3:36,314,0.3,34,925.7,-56.2,35,1.4,7,17.3,-2.7,22.3,12.3,11.5
16.03.2024 3:39,314,-0.5,34.8,925.7,-68.3,35,0.5,7.2,17.6,-2.4,22.6,12.7,12
16.03.2024 3:42,313,-6.1,34.7,925.7,-55.9,35,1.9,7.2,17.9,-2,22.9,13.2,12.5
16.03.2024 3:45,314,-0.1,34.4,925.7,-67.1,35,0.9,7.4,18.2,-1.6,23.3,13.6,13.1
16.03.2024 3:48,314,-4.3,34.8,925.7,-56.6,35,0.8,7.5,18.4,-1.3,23.6,14,13.6
16.03.2024 3:51,314,-8,34.2,925.7,-59.5,35,1.4,7.6,18.7,-0.8,23.9,14.4,14.3
16.03.2024 3:54,314,-3.2,34.9,925.7,-68.9,35,0.8,7.7,19,-0.3,24.3,14.8,14.9
16.03.2024 3:57,314,-4,34.8,925.7,-58,35,0.6,7.9,19.3,0,24.6,15.2,15.5
16.03.2024 4:00,314,-5.9,34.8,925.7,-47.4,35,1.4,7.9,19.6,0.5,24.9,15.5,16.1
16.03.2024 4:03,313,-4.2,34.5,925.7,-68,35,1.8,8,19.8,1.1,25.2,15.9,16.7
16.03.2024 4:06,313,0.3,34.2,925.7,-61.4,35,0.6,8.2,20.1,1.6,25.5,16.3,17.3
16.03.2024 4:09,314,-0.5,34.8,925.7,-64,35,0.55,8.3,20.3,2.1,25.9,16.7,18
16.03.2024 4:12,314,-1.2,34.7,925.7,-78.5,35,0.9,8.4,20.6,2.6,26.1,17,18.6
16.03.2024 4:15,313,-2,34.6,925.7,-59.8,35,0.8,8.5,20.8,3.2,26.5,17.5,19
16.03.2024 4:18,314,-3.6,34.9,925.7,-76.4,35,0.7,8.7,21.1,3.9,26.8,17.9,19.5
16.03.2024 4:21,314,0.2,34.2,925.7,-59.3,35,0.7,8.8,21.3,4.7,27,18.4,19.9
16.03.2024 4:24,313,-2.1,34.5,925.7,-48.6,35,0.9,8.9,21.6,5.7,27.3,18.7,20.2
16.03.2024 4:27,313,-3.1,34.8,925.7,-83.6,35,1,9,21.9,6.6,27.6,19.1,20.7
16.03.2024 4:30,314,-0.8,34.1,925.7,-57.3,35,0.8,9.1,22.2,7.5,27.9,19.6,21.1
16.03.2024 4:33,314,-2.5,34.8,925.7,-62.6,35,0.5,9.3,22.4,8,28.1,19.9,21.4
16.03.2024 4:36,313,-0.4,34.6,925.7,-75.2,35,0.8,9.4,22.7,8.4,28.3,20.4,21.8
16.03.2024 4:39,314,-0.6,35,925.7,-70.9,35,0.5,9.5,23,8.5,28.6,20.8,22.1
16.03.2024 4:42,314,-6.5,34.8,925.7,-83,35,0.7,9.6,23.2,9.3,28.9,21.2,22.5
16.03.2024 4:45,314,-2.5,34.6,925.7,-68.5,35,0.9,9.8,23.5,9.8,29.1,21.6,22.9
16.03.2024 4:48,314,0.3,34.7,925.7,-69.8,35,0.4,9.9,23.8,10.2,29.3,21.9,23.3
16.03.2024 4:51,314,-0.1,33.9,925.7,-53.6,35,0.55,10.1,24,10.6,29.6,23.6,23.6
16.03.2024 4:54,314,-7,34.7,925.7,-53.6,35,0.8,10.2,24.3,10.9,29.8,24.2,23.9
16.03.2024 4:57,314,-2.3,34.9,925.7,-64.2,35,0.8,10.3,24.6,11.3,30.1,24.6,24.3
16.03.2024 5:00,314,-1.2,34.9,925.7,-58.1,35,1,10.5,24.9,11.6,30.3,25,24.5
16.03.2024 5:03,313,-8.5,34.9,925.7,-61.8,35,0.9,10.6,25.1,11.9,30.5,25.3,24.8
16.03.2024 5:06,314,0.3,34.1,925.7,-61.7,35,0.5,10.8,25.4,12.3,30.8,25.8,25.1
16.03.2024 5:09,313,-7.3,35,925.7,-62.8,35,0.7,11,25.7,12.6,31,26.2,25.4
16.03.2024 5:12,314,-5.5,35,925.7,-73.3,35,0.7,11.1,25.9,13,31.1,26.5,25.7
16.03.2024 5:15,314,-4.4,35,925.7,-77.6,35,0.7,11.2,26.2,13.4,31.3,26.9,26
16.03.2024 5:18,313,-0.2,35,925.7,-65.2,35,0.35,11.5,26.4,13.7,31.5,27.3,26.3
16.03.2024 5:21,314,-11.8,34.8,925.7,-60.4,35,0.55,11.6,26.7,14,31.6,27.7,26.5
16.03.2024 5:24,313,-1.3,34.3,925.7,-58.7,35,0.8,11.7,26.9,14.4,31.8,28,26.8
16.03.2024 5:27,314,0.6,34.6,925.7,-70.6,35,0.45,11.9,27.2,14.7,32,28.4,27
16.03.2024 5:30,314,0.5,34.1,925.7,-57.6,35,0.45,12.1,27.4,15.1,32.1,28.7,27.3
16.03.2024 5:33,313,-4.4,34.6,925.7,-54.6,35,0.55,12.2,27.6,15.5,32.3,29,27.5
16.03.2024 5:36,314,-3.5,34.8,925.7,-71.3,35,0.45,12.4,27.9,15.8,32.5,29.3,27.7
16.03.2024 5:39,313,1.1,34,925.7,-54,35,0.45,12.6,28.1,16.2,32.6,29.6,28
16.03.2024 5:42,314,-2.5,34.2,925.7,-56.8,35,0.55,12.8,28.3,16.6,32.7,29.9,28.2
16.03.2024 5:45,313,-1.5,34.9,925.7,-73.6,35,0.45,13,28.5,16.9,32.9,30.2,28.4
16.03.2024 5:48,313,-4.1,34.8,925.7,-57.9,35,0.55,13.2,28.7,17.3,33,30.4,28.6
16.03.2024 5:51,314,-2.5,34.9,925.7,-56.7,35,0.8,13.3,29,17.6,33.1,30.7,28.8
16.03.2024 5:54,313,-9.4,34.6,925.7,-64.1,35,0.5,13.5,29.2,18,33.2,31,29
16.03.2024 5:57,314,-3.1,32.2,925.7,-49.9,-50,4.5,13.6,29.5,18.4,33.5,31.4,29.3
