MCGS_TIME,MCGS_TIMEMS,Secondary machine,Shelf,Eutectic,Cold trap,Set,Vacuum,temp1,temp2,temp3,temp4,temp5,temp6
19.07.2024 14:15,262,-21.7,11.6,925.7,23.9,-50,109,24.7,25.3,26.4,24.9,25.2,25
19.07.2024 14:18,262,-26.9,11.8,925.7,24.5,-50,102.33,24.6,25.2,26.3,24.9,25.1,24.9
19.07.2024 14:21,262,-11.6,13.5,925.7,-35.1,-50,98.03,23.2,23.9,24.4,23.3,23.8,23.4
19.07.2024 14:24,261,-4.5,13.6,925.7,-54.4,-40,96.57,22.8,23.5,23.8,22.9,23.4,23
19.07.2024 14:27,261,10.7,13.1,925.7,-49.3,-40,92.21,22.2,22.4,22.5,21.4,22.8,21.5
19.07.2024 14:30,261,18.6,9,925.7,-36.2,-40,86.89,19.4,19.1,19,17.8,20,18
19.07.2024 14:33,261,19.3,5,925.7,-28.1,-40,77.68,13,13.2,13.2,12.3,14.2,12.5
19.07.2024 14:36,262,17.7,1,925.7,-20.3,-40,70.42,8.4,9.5,9.6,8.4,9.6,8.1
19.07.2024 14:39,262,15.3,-2.2,925.7,-10.4,-40,63.75,4.4,6.1,6.5,5.1,6,4.5
19.07.2024 14:42,261,14.2,-5.8,925.7,-2,-40,61,1.6,3.2,3.9,2,2.9,1.7
19.07.2024 14:45,262,13.1,-9.1,925.7,1.3,-40,59.25,-0.7,0.5,1.1,-0.9,0.2,-0.9
19.07.2024 14:48,261,11.6,-11.9,925.7,-57.2,-40,58,-2.7,-1.8,-1.3,-2.9,-2,-1.8
19.07.2024 14:51,261,9.5,-13.8,925.7,-58.8,-40,57,-4.8,-3.4,-3.4,-5.6,-1.8,-5
19.07.2024 14:54,261,8.3,-15.2,925.7,-59.6,-40,56,-6.6,-5.2,-3.5,-7.2,-5.6,-6.8
19.07.2024 14:57,262,7.5,-16.6,925.7,-60.6,-40,55.25,-7.9,-6.5,-6,-8.4,-7,-8.1
19.07.2024 15:00,262,8.1,-18.5,925.7,-52.6,-40,54.5,-9.3,-7.3,-7.4,-9.9,-8.4,-9.5
19.07.2024 15:03,262,9.6,-20.8,925.7,-41.3,-40,54.25,-11.3,-9.6,-9.3,-11.9,-10.3,-11.5
19.07.2024 15:06,262,9.4,-22.8,925.7,-62.2,-40,54,-13.3,-11.5,-11,-13.9,-12.3,-13.3
19.07.2024 15:09,262,8.7,-24.6,925.7,-63.4,-40,53.75,-15,-13.1,-12.7,-15.6,-13.9,-14.8
19.07.2024 15:12,261,7.6,-26.1,925.7,-64.2,-40,54.25,-16.5,-14.5,-14.1,-17.2,-15.4,-16.3
19.07.2024 15:15,262,7,-27.5,925.7,-64.9,-40,54.5,-17.8,-15.8,-15.4,-18.5,-16.8,-17.6
19.07.2024 15:18,261,5.3,-28.7,925.7,-65.6,-40,54.25,-19.1,-16.9,-16.5,-19.7,-18,-18.8
19.07.2024 15:21,262,4.3,-29.8,925.7,-66.3,-40,54.25,-20.1,-17.9,-17.5,-20.8,-19,-19.9
19.07.2024 15:24,261,3.7,-30.7,925.7,-66.6,-40,54.5,-21,-18.8,-18.3,-21.7,-19.9,-20.8
19.07.2024 15:27,261,5.3,-31.9,925.7,-53,-40,55,-22,-19.7,-19.3,-22.7,-20.9,-21.8
19.07.2024 15:30,261,5.2,-33.1,925.7,-68,-40,55.25,-23.2,-20.8,-20.3,-23.9,-22,-23
19.07.2024 15:33,261,5,-34.1,925.7,-68,-40,55.5,-24.2,-21.8,-21.3,-24.9,-23.1,-24
19.07.2024 15:36,262,3.8,-35.1,925.7,-68.7,-40,55.75,-25.1,-22.6,-22.1,-25.8,-24,-24.9
19.07.2024 15:39,262,3.8,-35.9,925.7,-69.3,-40,56,-25.9,-23.4,-22.9,-26.6,-24.8,-25.7
19.07.2024 15:42,261,2.8,-36.7,925.7,-69.5,-40,56.25,-26.7,-24.1,-23.6,-27.4,-25.5,-26.5
19.07.2024 15:45,261,1.9,-37.4,925.7,-70.1,-40,56.5,-27.4,-24.8,-24.3,-28.1,-26.3,-27.2
19.07.2024 15:48,262,2,-38.1,925.7,-70.3,-40,57,-28,-25.4,-24.9,-28.7,-26.9,-27.8
19.07.2024 15:51,262,0.8,-38.6,925.7,-69.4,-40,57,-28.6,-25.9,-25.5,-29.3,-27.5,-28.4
19.07.2024 15:54,262,0,-39.4,925.7,-69.6,-40,57.25,-29.3,-26.5,-26,-30,-28.1,-29.1
19.07.2024 15:57,262,-0.2,-40.1,925.7,-71.8,-40,57.5,-30,-27.2,-26.7,-30.7,-28.8,-29.8
19.07.2024 16:00,261,-0.4,-39.5,925.7,-68.7,-40,57.75,-30.3,-27.6,-27,-31,-29.2,-30.1
19.07.2024 16:03,262,1.2,-39.1,925.7,-51.4,-40,74.29,1.5,11,3.3,10.8,13.1,17.4
19.07.2024 16:06,262,3.6,-39,925.7,-40.6,-40,81.07,3.5,10.8,3.8,10.5,13.7,23.8
19.07.2024 16:09,261,5.6,-38.6,925.7,-30.2,-40,84.95,3.9,10.6,4.1,10.4,13.4,20.6
19.07.2024 16:12,261,7.2,-38,925.7,-21.3,-40,87.85,4.7,10.6,4.5,10.5,13.4,22.7
19.07.2024 16:15,262,8.4,-37.2,925.7,-14.2,-40,90.28,5.3,10.2,4.9,10.4,13.1,23.4
19.07.2024 16:18,262,9.5,-36.4,925.7,-8.4,-40,92.21,5.8,10.1,4.9,10.7,13,23.7
19.07.2024 16:21,261,10.3,-35.6,925.7,-3.7,-40,94.64,6.1,10,5.1,10.7,12.7,20.3
19.07.2024 16:24,261,11,-34.8,925.7,0,-40,96.57,6.6,9.9,5.3,10.6,12.6,23.1
19.07.2024 16:27,262,11.9,-34,925.7,3,-40,110000,7.5,10,5.4,10.8,12.7,23.5
19.07.2024 16:30,261,12.6,-33.3,925.7,5.7,-40,110000,3.8,4.3,6.7,25.1,10.9,21.4
19.07.2024 16:33,262,13.1,-32.5,925.7,7.8,-40,110000,4.3,4.4,6.9,25.3,11,20.4
19.07.2024 16:36,262,13.5,-31.8,925.7,9.8,-40,110000,4.6,4.4,6.9,24.2,11.2,20.1
19.07.2024 16:39,262,13.8,-31.1,925.7,11.8,-40,0.1,4.6,4.7,7,26,11.2,21.4
19.07.2024 21:26,351,14.7,2.6,925.7,16.5,-50,107.33,18.1,21.1,22.5,20.8,22.6,23.7
19.07.2024 21:29,350,14.7,2.8,925.7,16.5,-50,110000,17.8,21.1,22.3,20.8,22.3,23.6
19.07.2024 21:32,351,-10.1,3.1,925.7,16.8,-50,110000,17.6,21,22.2,20.8,22.2,23.5
19.07.2024 21:35,351,-11.6,10.5,925.7,-50.1,-50,110000,17.4,20.4,22,20.7,22.4,23.2
19.07.2024 21:38,351,7.7,13.4,925.7,-55.8,-50,92880,17.3,19.4,21.5,19.5,21.2,22
19.07.2024 21:41,351,13.3,9.7,925.7,-41.2,-50,78613.33,16.9,16.6,20.5,17.5,19.7,20.3
19.07.2024 21:44,351,16.8,6,925.7,-32.2,-50,60066.66,15.3,13,18.8,14,17.2,17.7
19.07.2024 21:47,351,17.2,2.8,925.7,-24.8,-50,41520,13.1,9.5,16.6,10.4,14.4,14.8
19.07.2024 21:50,351,15.5,0,925.7,-15.4,-50,24400,10.6,7.2,14.1,7,11.4,11.9
19.07.2024 21:53,350,14.9,-2.7,925.7,-6.5,-50,11560,8.1,7.4,11.5,4,8.5,9.1
19.07.2024 21:56,351,14,-4.9,925.7,0.5,-50,2903.44,5.8,5.6,8.9,7.6,7.7,6.5
19.07.2024 21:59,351,13.2,-6.5,925.7,5.9,-50,2565.62,6.2,4,6.8,7.2,7.9,7.6
19.07.2024 22:02,351,12.8,-7.8,925.7,9.5,-50,2276.06,6.2,2.5,7.7,6.3,7.9,7.4
19.07.2024 22:05,351,12.4,-9.1,925.7,13.5,-50,2083.02,5.6,-1,7.7,1.6,7.9,7.1
19.07.2024 22:08,351,12,-10.4,925.7,17.2,-50,1841.72,5.2,-3.5,7.6,-3.7,7.7,6.9
19.07.2024 22:11,351,11.5,-11.8,925.7,20.2,-50,1648.68,4.7,-5.5,7.3,-6.3,7.2,6.5
19.07.2024 22:14,351,11,-13.2,925.7,22.8,-50,1552.16,3.8,-7.3,7.1,-8,6,6.2
19.07.2024 22:17,351,10.7,-14.7,925.7,24.8,-50,1455.64,1.2,-9.1,6.6,-9.7,2.3,5.7
19.07.2024 22:20,351,11,-16.3,925.7,26.5,-50,1407.38,-1.7,-10.9,6,-11.3,-1.7,5.2
19.07.2024 22:23,351,11.3,-17.9,925.7,27.9,-50,1407.38,-4.6,-12.6,5,-13,-5.5,4.5
19.07.2024 22:26,350,11.5,-19.4,925.7,29,-50,1359.12,-7.5,-14.4,3.6,-14.6,-9.3,2.8
19.07.2024 22:29,351,11.7,-21,925.7,29.8,-50,1359.12,-10.1,-16.2,1.3,-16.3,-12.6,-1
19.07.2024 22:32,351,11.4,-22.5,925.7,30.5,-50,1407.38,-12.8,-17.9,-1.8,-17.9,-15.2,-6
19.07.2024 22:35,351,11.1,-23.9,925.7,31,-50,1407.38,-15.3,-19.6,-5.6,-19.5,-17.2,-10.6
19.07.2024 22:38,351,10.4,-25.2,925.7,31.5,-50,1455.64,-17.4,-21.3,-9.5,-21,-19,-14.4
19.07.2024 22:41,351,9.7,-26.5,925.7,31.8,-50,1455.64,-19.2,-22.8,-13.2,-22.4,-20.7,-17.4
19.07.2024 22:44,351,9,-27.7,925.7,32.1,-50,1455.64,-20.8,-24.3,-16.1,-23.8,-22.2,-19.8
19.07.2024 22:47,351,8.2,-28.9,925.7,32.3,-50,1503.9,-22.1,-25.5,-18.5,-25.1,-23.6,-21.8
19.07.2024 22:50,351,7.4,-30,925.7,32.5,-50,1503.9,-23.3,-26.8,-20.5,-26.2,-24.9,-23.5
19.07.2024 22:53,351,6.8,-31,925.7,32.6,-50,1503.9,-24.4,-27.9,-22.1,-27.4,-26.1,-25
19.07.2024 22:56,351,6,-31.9,925.7,32.7,-50,1503.9,-25.4,-28.9,-23.4,-28.5,-27.1,-26.3
19.07.2024 22:59,351,5.5,-32.8,925.7,32.8,-50,1552.16,-26.2,-29.9,-24.4,-29.5,-28,-27.5
19.07.2024 23:02,351,4.8,-33.7,925.7,32.8,-50,1552.16,-26.9,-30.9,-25.4,-30.5,-28.7,-28.6
19.07.2024 23:05,351,4,-34.5,925.7,32.9,-50,1552.16,-27.4,-31.7,-26.2,-31.4,-29.4,-29.6
19.07.2024 23:08,351,3.5,-35.2,925.7,32.9,-50,1600.42,-27.9,-32.5,-26.9,-32.2,-30.2,-30.3
19.07.2024 23:11,351,2.8,-36,925.7,32.8,-50,1648.68,-28.5,-33.3,-27.6,-33,-30.9,-30.9
19.07.2024 23:14,351,2.2,-36.7,925.7,32.8,-50,1745.2,-28.9,-34.1,-28.3,-33.8,-31.6,-31.5
19.07.2024 23:17,351,1.6,-37.3,925.7,32.7,-50,1793.46,-29.1,-34.7,-28.9,-34.5,-32.3,-32
19.07.2024 23:20,351,1.5,-38,925.7,32.6,-50,1793.46,-29.5,-35.4,-29.5,-35.2,-32.9,-32.5
19.07.2024 23:23,351,0.9,-38.5,925.7,32.5,-50,1841.72,-29.8,-36.1,-30,-35.9,-33.5,-33.1
19.07.2024 23:26,351,0.3,-39,925.7,32.4,-50,1889.98,-30.1,-36.6,-30.6,-36.5,-34.1,-33.5
19.07.2024 23:29,351,0.2,-39.6,925.7,32.4,-50,1889.98,-30.5,-36.9,-31.1,-37.1,-34.7,-34
19.07.2024 23:32,351,-0.2,-40.1,925.7,32.3,-50,1938.24,-30.8,-37.4,-31.6,-37.6,-35,-34.5
19.07.2024 23:35,351,-0.8,-40.6,925.7,32.1,-50,1986.5,-31.3,-37.9,-32,-38.1,-35.4,-35
19.07.2024 23:38,351,-0.9,-41.1,925.7,32,-50,2083.02,-31.5,-38.3,-32.5,-38.6,-35.8,-35.4
19.07.2024 23:41,351,-1.3,-41.6,925.7,31.8,-50,2131.28,-31.9,-38.8,-33,-39.2,-36.2,-35.8
19.07.2024 23:44,351,-1.6,-42.1,925.7,31.6,-50,2179.54,-32.5,-39.3,-33.5,-39.7,-36.6,-36.2
19.07.2024 23:47,351,-1.8,-42.5,925.7,31.5,-50,2227.8,-32.7,-39.8,-33.9,-40.2,-36.9,-36.6
19.07.2024 23:50,351,-2.1,-42.9,925.7,31.4,-50,2276.06,-33.1,-40,-34.3,-40.7,-37.3,-37.1
19.07.2024 23:53,351,-2.2,-43.3,925.7,31.2,-50,2324.32,-33.5,-40.2,-34.7,-41.1,-37.7,-37.4
19.07.2024 23:56,351,-2.5,-43.7,925.7,31.1,-50,2420.84,-33.9,-40.4,-35.1,-41.5,-38.1,-37.8
19.07.2024 23:59,351,-2.7,-44.1,925.7,31,-50,2420.84,-34.2,-40.7,-35.5,-41.9,-38.4,-38.1
20.07.2024 0:02,351,-3,-44.5,925.7,30.9,-50,2469.1,-34.6,-41.1,-35.9,-42.3,-38.9,-38.5
20.07.2024 0:05,351,-3.1,-44.8,925.7,30.8,-50,2469.1,-34.8,-41.4,-36.3,-42.7,-39.5,-38.8
20.07.2024 0:08,351,-3,-45.2,925.7,30.7,-50,2517.36,-35.3,-41.8,-36.6,-43.1,-40,-39.2
20.07.2024 0:11,351,-3.9,-45.5,925.7,30.6,-50,2565.62,-35.5,-42.2,-37,-43.4,-40.5,-39.5
20.07.2024 0:14,351,-4,-45.8,925.7,30.4,-50,2613.88,-35.8,-42.6,-37.3,-43.8,-40.9,-39.8
20.07.2024 0:17,351,-3.9,-46.1,925.7,30.3,-50,2613.88,-36.2,-42.9,-37.7,-44.1,-41.4,-40.2
20.07.2024 0:20,351,-4.2,-46.4,925.7,30.2,-50,2662.14,-36.6,-43.2,-38,-44.4,-41.7,-40.5
20.07.2024 0:23,351,-4.4,-46.7,925.7,30,-50,2758.66,-37.1,-43.5,-38.2,-44.8,-42.1,-40.8
20.07.2024 0:26,351,-4.4,-47,925.7,30,-50,2758.66,-37.4,-43.8,-38.7,-45.1,-42.4,-41
20.07.2024 0:29,351,-4.8,-47.3,925.7,29.8,-50,2806.92,-37.9,-44.1,-39.1,-45.4,-42.8,-41.3
20.07.2024 0:32,351,-4.8,-47.6,925.7,29.7,-50,2855.18,-38.1,-44.4,-39.5,-45.7,-43.1,-41.6
20.07.2024 0:35,351,-4.9,-47.8,925.7,29.6,-50,2855.18,-38.6,-44.7,-39.8,-46,-43.4,-42.2
20.07.2024 0:38,351,-5,-48.1,925.7,29.5,-50,2855.18,-38.9,-45,-40.2,-46.2,-43.7,-42.8
20.07.2024 0:41,351,-5,-48.3,925.7,29.4,-50,2903.44,-39.2,-45.2,-40.5,-46.5,-43.9,-43.3
20.07.2024 0:44,351,-5.2,-48.6,925.7,29.4,-50,2903.44,-39.5,-45.5,-40.9,-46.7,-44.2,-43.7
20.07.2024 0:47,351,-5.3,-48.7,925.7,29.3,-50,2903.44,-39.8,-45.7,-41.2,-47,-44.5,-44.1
20.07.2024 0:50,351,-5.2,-49,925.7,29.3,-50,2903.44,-40.1,-45.9,-41.5,-47.2,-44.7,-44.4
20.07.2024 0:53,351,-5.2,-49.2,925.7,29.3,-50,2903.44,-40.3,-46.1,-41.7,-47.5,-45,-44.7
20.07.2024 0:56,351,-5.6,-49.4,925.7,29.2,-50,2903.44,-40.5,-46.4,-42,-47.7,-45.2,-45
20.07.2024 0:59,351,-5.6,-49.6,925.7,29.2,-50,2903.44,-40.9,-46.6,-42.2,-47.9,-45.5,-45.3
20.07.2024 1:02,351,-5.7,-49.8,925.7,29.2,-50,2903.44,-41.1,-46.8,-42.5,-48.1,-45.7,-45.5
20.07.2024 1:05,351,-5.7,-50,925.7,29.1,-50,2903.44,-41.2,-47,-42.7,-48.4,-45.9,-45.8
20.07.2024 1:08,351,-3.1,-49.5,925.7,-52.5,-50,2903.44,-41.6,-47,-43,-48.4,-46.1,-46
20.07.2024 1:11,351,-6.5,-49.8,925.7,-39.7,-50,2903.44,-41.8,-47,-43.2,-48.3,-46.2,-46.1
20.07.2024 1:14,351,-6.3,-50,925.7,-27.9,-50,2903.44,-41.9,-47.1,-43.3,-48.4,-46.3,-46.2
20.07.2024 1:17,351,-2.5,-49.5,925.7,-58.8,-50,2855.18,-42,-47.2,-43.5,-48.4,-46.4,-46.3
20.07.2024 1:20,351,-6.7,-49.9,925.7,-46,-50,2855.18,-42.2,-47.2,-43.6,-48.4,-46.5,-46.3
20.07.2024 1:23,351,-1.2,-50,925.7,-64,-50,2903.44,-42.3,-47.3,-43.8,-48.5,-46.6,-46.4
20.07.2024 1:26,351,-6.2,-49.7,925.7,-54.2,-50,2903.44,-42.5,-47.3,-43.9,-48.4,-46.6,-46.5
20.07.2024 1:29,351,-6.5,-50,925.7,-41.3,-50,2903.44,-42.6,-47.4,-44,-48.5,-46.7,-46.5
20.07.2024 1:32,351,-4.5,-49.6,925.7,-59.2,-50,2903.44,-42.8,-47.4,-44.1,-48.5,-46.7,-46.6
20.07.2024 1:35,351,-6.7,-50,925.7,-46.5,-50,2903.44,-43,-47.5,-44.2,-48.5,-46.7,-46.6
20.07.2024 1:38,351,-3.2,-49.5,925.7,-62.7,-50,2903.44,-43.1,-47.5,-44.2,-48.5,-46.7,-46.7
20.07.2024 1:41,351,-6.8,-49.9,925.7,-49.5,-50,2903.44,-43.2,-47.5,-44.3,-48.5,-46.8,-46.7
20.07.2024 1:44,351,-1.6,-49.6,925.7,-65.3,-50,2903.44,-43.4,-47.6,-44.3,-48.5,-46.8,-46.8
20.07.2024 1:47,351,-6.8,-49.9,925.7,-52,-50,2903.44,-43.5,-47.6,-44.4,-48.5,-46.8,-46.8
20.07.2024 1:50,351,-1.9,-49.6,925.7,-66.4,-50,2903.44,-43.6,-47.6,-44.4,-48.5,-46.8,-46.8
20.07.2024 1:53,351,-7,-49.9,925.7,-53,-50,2903.44,-43.7,-47.6,-44.4,-48.5,-46.8,-46.8
20.07.2024 1:56,351,-2.1,-49.6,925.7,-67.6,-50,2951.7,-43.8,-47.7,-44.5,-48.5,-46.9,-46.9
20.07.2024 1:59,351,-6.8,-49.9,925.7,-53.8,-50,2951.7,-43.9,-47.7,-44.5,-48.5,-46.9,-46.9
20.07.2024 2:02,351,-2.1,-49.7,925.7,-68.7,-50,2951.7,-44,-47.7,-44.6,-48.6,-46.9,-46.9
20.07.2024 2:05,351,-6.8,-49.9,925.7,-54.6,-50,2999.96,-44.1,-47.7,-44.6,-48.5,-46.9,-46.9
20.07.2024 2:08,351,-2.9,-49.6,925.7,-67.6,-50,2999.96,-44.2,-47.8,-44.7,-48.5,-46.9,-47
20.07.2024 2:11,351,-6.9,-49.9,925.7,-53.9,-50,2999.96,-44.3,-47.8,-44.7,-48.5,-46.9,-47
20.07.2024 2:14,351,-3.2,-49.6,925.7,-67.2,-50,2951.7,-44.3,-47.8,-44.7,-48.5,-46.9,-47
20.07.2024 2:17,351,-6.7,-50,925.7,-53.6,-50,2951.7,-44.4,-47.8,-44.8,-48.5,-46.9,-47
20.07.2024 2:20,351,-4.1,-49.7,925.7,-65.5,-50,2951.7,-44.5,-47.8,-44.8,-48.5,-47,-47
20.07.2024 2:23,351,-7.1,-50.1,925.7,-55.5,-50,2951.7,-44.5,-47.8,-44.9,-48.6,-47,-47.1
20.07.2024 2:26,351,-5.4,-49.9,925.7,-62.9,-50,2999.96,-44.6,-47.9,-44.9,-48.6,-47,-47.1
20.07.2024 2:29,351,-5.1,-49.8,925.7,-71.9,-50,2999.96,-44.7,-47.9,-45,-48.6,-47,-47.1
20.07.2024 2:32,351,-6.9,-50.1,925.7,-76,-50,4426.66,-44.8,-47.9,-45,-48.6,-47,-47.1
20.07.2024 2:35,351,-6.1,-50,925.7,-62.5,-50,4426.66,-44.8,-47.9,-45.1,-48.6,-47.1,-47.2
20.07.2024 2:38,351,-5.2,-49.9,925.7,-68.1,-50,7280,-44.9,-48,-45.1,-48.6,-47.1,-47.2
20.07.2024 2:41,351,-6.7,-49.9,925.7,-72.1,-50,8706.66,-44.9,-48,-45.2,-48.7,-47.1,-47.2
20.07.2024 2:44,351,-7.7,-49.9,925.7,-74.4,-50,8706.66,-45,-48,-45.2,-48.7,-47.1,-47.2
20.07.2024 2:47,351,-7.9,-50,925.7,-75.8,-50,10133.33,-45.1,-48,-45.2,-48.7,-47.1,-47.2
20.07.2024 2:50,351,-7.8,-49.9,925.7,-75.3,-50,10133.33,-45.1,-48,-45.3,-48.7,-47.2,-47.3
20.07.2024 2:53,351,-8.1,-49.9,925.7,-74,-50,11560,-45.2,-48,-45.3,-48.7,-47.2,-47.3
20.07.2024 2:56,351,-7.9,-49.9,925.7,-72.4,-50,11560,-45.2,-48.1,-45.3,-48.7,-47.2,-47.3
20.07.2024 2:59,351,-7.3,-50,925.7,-70.9,-50,12986.66,-45.3,-48.1,-45.4,-48.7,-47.2,-47.3
20.07.2024 3:02,351,-6.4,-50.1,925.7,-69.9,-50,14413.33,-45.3,-48.1,-45.4,-48.7,-47.2,-47.3
20.07.2024 3:05,351,-6.4,-50.1,925.7,-75.8,-50,14413.33,-45.4,-48.1,-45.4,-48.7,-47.2,-47.3
20.07.2024 3:08,351,-6.6,-50.1,925.7,-79.1,-50,14413.33,-45.4,-48.1,-45.4,-48.7,-47.3,-47.4
20.07.2024 3:11,351,-7.6,-50.1,925.7,-80.4,-50,17266.66,-45.5,-48.1,-45.5,-48.7,-47.3,-47.4
20.07.2024 3:14,351,-9.4,-50,925.7,-76.1,-50,17266.66,-45.5,-48.1,-45.5,-48.7,-47.3,-47.4
20.07.2024 3:17,351,-9.9,-49.9,925.7,-74.6,-50,18693.33,-45.6,-48.1,-45.5,-48.7,-47.3,-47.4
20.07.2024 3:20,351,-9.3,-49.9,925.7,-73.4,-50,18693.33,-45.6,-48.1,-45.5,-48.7,-47.3,-47.4
20.07.2024 3:23,351,-8.5,-50,925.7,-72.5,-50,18693.33,-45.6,-48.1,-45.5,-48.7,-47.3,-47.4
20.07.2024 3:26,351,-7.7,-50,925.7,-71.4,-50,18693.33,-45.7,-48.1,-45.6,-48.7,-47.3,-47.4
20.07.2024 3:29,351,-6.9,-50.1,925.7,-70.1,-50,18693.33,-45.7,-48.1,-45.6,-48.7,-47.3,-47.4
20.07.2024 3:32,351,-15,-45.3,925.7,-81.4,-40,1938.24,-45.7,-47.7,-45.8,-48.2,-47.3,-47.4
20.07.2024 3:35,351,-15.9,-41.4,925.7,-82.3,-40,686.3,-45.2,-45.7,-45.6,-45.3,-46.6,-46.3
20.07.2024 3:38,351,-6.2,-40.7,925.7,-64.2,-40,310,-44.4,-43,-45,-42.4,-45.1,-44.2
20.07.2024 3:41,351,-9.4,-39.1,925.7,-55.2,-40,184,-43.3,-41.2,-44.1,-40.9,-43.5,-42.6
20.07.2024 3:44,351,-5.4,-40,925.7,-44.8,-40,171.42,-42.2,-40.3,-43.1,-40.1,-42.3,-41.6
20.07.2024 3:47,351,-7.6,-40.2,925.7,-34.3,-40,170.71,-41.2,-40.2,-42.1,-40,-41.5,-41
20.07.2024 3:50,351,-5.5,-40.1,925.7,-25.1,-40,171.42,-40.4,-39.9,-41.3,-39.8,-40.9,-40.5
20.07.2024 3:53,351,-6.8,-40.1,925.7,-27.6,-40,171.42,-39.8,-39.8,-40.7,-39.7,-40.5,-40.2
20.07.2024 3:56,351,-9.1,-40.2,925.7,-72.8,-40,172.85,-39.3,-39.7,-40.1,-39.7,-40.2,-39.9
20.07.2024 3:59,351,-7.4,-40.2,925.7,-78,-40,172.85,-39,-39.6,-39.7,-39.7,-39.9,-39.7
20.07.2024 4:02,351,-5,-40,925.7,-74.7,-40,173.57,-38.7,-39.4,-39.3,-39.5,-39.7,-39.5
20.07.2024 4:05,351,-5.6,-40.1,925.7,-71.6,-40,174.28,-38.6,-39.5,-39,-39.6,-39.5,-39.4
20.07.2024 4:08,351,-3.1,-40.1,925.7,-69.5,-40,174.28,-38.4,-39.3,-38.8,-39.4,-39.3,-39.3
20.07.2024 4:11,351,-4.4,-40,925.7,-75.9,-40,173.57,-38.4,-39.4,-38.6,-39.5,-39.2,-39.2
20.07.2024 4:14,351,-3.3,-40,925.7,-74.1,-40,173.57,-38.3,-39.4,-38.4,-39.5,-39.2,-39.2
20.07.2024 4:17,351,-5.1,-40,925.7,-74.3,-40,172.85,-38.3,-39.5,-38.4,-39.5,-39.1,-39.2
20.07.2024 4:20,351,-6.8,-40,925.7,-79,-40,173.57,-38.3,-39.5,-38.3,-39.6,-39.2,-39.2
20.07.2024 4:23,351,-5,-40.3,925.7,-67.6,-40,173.57,-38.2,-39.4,-38.3,-39.5,-39.1,-39.2
20.07.2024 4:26,351,-5.2,-40.2,925.7,-76.1,-40,173.57,-38.2,-39.4,-38.2,-39.5,-39.1,-39.2
20.07.2024 4:29,351,-3,-39.9,925.7,-71.5,-40,173.57,-38.1,-39.3,-38.2,-39.4,-39,-39.1
20.07.2024 4:32,351,-4.4,-40.3,925.7,-71.1,-40,172.85,-38.1,-39.5,-38.1,-39.5,-39.1,-39.2
20.07.2024 4:35,351,-3.3,-40.1,925.7,-73.7,-40,172.85,-38.1,-39.6,-38.1,-39.7,-39.2,-39.3
20.07.2024 4:38,351,-4,-40,925.7,-70.9,-40,172.85,-38.1,-39.6,-38.1,-39.7,-39.2,-39.3
20.07.2024 4:41,351,-5.7,-40,925.7,-72.6,-40,172.85,-38.1,-39.7,-38.1,-39.8,-39.3,-39.4
20.07.2024 4:44,351,-5.9,-39.9,925.7,-70.2,-40,172.85,-38.1,-39.7,-38.1,-39.8,-39.3,-39.4
20.07.2024 4:47,351,-5.1,-40.1,925.7,-70.5,-40,172.14,-38.1,-39.7,-38.1,-39.8,-39.3,-39.4
20.07.2024 4:50,351,-5.9,-40.1,925.7,-77.9,-40,171.42,-38.1,-39.7,-38.1,-39.8,-39.3,-39.4
20.07.2024 4:53,351,-4.2,-39.9,925.7,-74.2,-40,171.42,-38.1,-39.6,-38.1,-39.8,-39.3,-39.4
20.07.2024 4:56,351,-2.1,-39.8,925.7,-69.1,-40,170.71,-38.1,-39.4,-38.1,-39.6,-39.2,-39.2
20.07.2024 4:59,351,-4.5,-40.1,925.7,-64.1,-40,169.28,-38.1,-39.5,-38.1,-39.6,-39.2,-39.2
20.07.2024 5:02,351,-5.6,-40.1,925.7,-75.3,-40,168.57,-38,-39.5,-38,-39.7,-39.2,-39.3
20.07.2024 5:05,351,-5,-39.9,925.7,-73.7,-40,168.57,-38,-39.6,-38,-39.8,-39.2,-39.3
20.07.2024 5:08,351,-3.3,-40.2,925.7,-72.4,-40,167.85,-38,-39.6,-38,-39.7,-39.2,-39.3
20.07.2024 5:11,351,-1.5,-40,925.7,-68.4,-40,167.85,-38,-39.4,-38,-39.6,-39.1,-39.2
20.07.2024 5:14,351,-4.4,-40,925.7,-72.6,-40,167.14,-38,-39.5,-38,-39.6,-39.1,-39.2
20.07.2024 5:17,351,-5,-40.3,925.7,-71.3,-40,166.42,-38,-39.5,-38,-39.7,-39.1,-39.3
20.07.2024 5:20,351,-3.8,-40.1,925.7,-72.8,-40,166.42,-38,-39.5,-38,-39.8,-39.1,-39.3
20.07.2024 5:23,351,-4.2,-40,925.7,-76,-40,166.42,-38,-39.5,-38,-39.8,-39.1,-39.3
20.07.2024 5:26,351,-4,-39.9,925.7,-73.1,-40,165.71,-37.9,-39.5,-38,-39.8,-39.1,-39.3
20.07.2024 5:29,351,-4.6,-39.9,925.7,-72.3,-40,165.71,-37.9,-39.5,-38,-39.8,-39.1,-39.3
20.07.2024 5:32,351,-11.6,-37.1,925.7,-79.5,-30,166.42,-37.6,-38.6,-37.9,-39.2,-39,-38.9
20.07.2024 5:35,351,-17.3,-33.3,925.7,-69.5,-30,169.28,-36.6,-35.3,-37.5,-36.8,-37.8,-37.1
20.07.2024 5:38,351,-23.7,-29.5,925.7,-57.8,-30,173.57,-34.6,-31.9,-36.1,-33.6,-35.5,-35.2
20.07.2024 5:41,351,-3.6,-30.5,925.7,-45.7,-30,174.28,-33.1,-30.9,-34.7,-31.8,-33.9,-33.6
20.07.2024 5:44,351,-3.4,-30.2,925.7,-35.3,-30,174.28,-31.8,-30.4,-33.4,-30.8,-32.7,-32.3
20.07.2024 5:47,351,-1.7,-30.4,925.7,-26.6,-30,173.57,-30.8,-29.8,-32.2,-30.1,-31.7,-31.4
20.07.2024 5:50,351,-3.6,-29.4,925.7,-23.6,-30,173.57,-30.1,-29.6,-31.3,-29.8,-31,-30.6
20.07.2024 5:53,351,-2.7,-30.2,925.7,-66.9,-30,172.14,-29.7,-29.6,-30.5,-29.6,-30.4,-30.1
20.07.2024 5:56,351,1.1,-30.2,925.7,-65.7,-30,171.42,-29.3,-29.4,-29.9,-29.5,-30,-29.8
20.07.2024 5:59,351,-0.9,-29.5,925.7,-67.8,-30,171.42,-29.1,-29.2,-29.4,-29.4,-29.7,-29.5
20.07.2024 6:02,351,1.4,-30.3,925.7,-72,-30,169.28,-29,-29.4,-29.1,-29.4,-29.4,-29.3
20.07.2024 6:05,351,0.3,-30.2,925.7,-65.1,-30,168.57,-28.9,-29.1,-28.8,-29.3,-29.2,-29.2
20.07.2024 6:08,351,-2,-29.7,925.7,-68.1,-30,167.85,-28.8,-29.2,-28.6,-29.3,-29.1,-29.1
20.07.2024 6:11,351,-1.8,-29.3,925.7,-69.8,-30,167.14,-28.7,-29.1,-28.5,-29.2,-29,-29
20.07.2024 6:14,351,-1.7,-30.2,925.7,-76.3,-30,166.42,-28.7,-29.2,-28.4,-29.2,-28.9,-28.9
20.07.2024 6:17,351,-1.1,-29.4,925.7,-69.8,-30,166.42,-28.7,-29.1,-28.3,-29.2,-28.9,-28.9
20.07.2024 6:20,351,-1.3,-29.6,925.7,-68.5,-30,165.71,-28.7,-29.1,-28.3,-29.2,-28.8,-28.9
20.07.2024 6:23,351,0.5,-30.4,925.7,-66.7,-30,164.28,-28.7,-29.1,-28.3,-29.2,-28.8,-28.9
20.07.2024 6:26,351,0.6,-30.2,925.7,-66.3,-30,164.28,-28.6,-29.1,-28.2,-29.1,-28.8,-28.9
20.07.2024 6:29,351,0.9,-30.4,925.7,-65.6,-30,163.57,-28.6,-29,-28.2,-29.1,-28.8,-28.9
20.07.2024 6:32,351,0,-29.9,925.7,-67,-30,163.57,-28.5,-28.9,-28.2,-29,-28.8,-28.8
20.07.2024 6:35,351,0.2,-30.2,925.7,-66.9,-30,162.85,-28.5,-29,-28.1,-29,-28.7,-28.8
20.07.2024 6:38,351,1.5,-30.3,925.7,-65.5,-30,162.14,-28.5,-29,-28.1,-29.1,-28.7,-28.8
20.07.2024 6:41,351,0.7,-30.1,925.7,-66.6,-30,162.14,-28.4,-28.9,-28,-29,-28.7,-28.8
20.07.2024 6:44,351,1.6,-30.2,925.7,-66,-30,161.42,-28.4,-29.1,-28,-29,-28.7,-28.8
20.07.2024 6:47,351,0.3,-29.9,925.7,-70.5,-30,161.42,-28.4,-29.1,-28,-29.1,-28.8,-28.8
20.07.2024 6:50,351,0,-30.1,925.7,-75.4,-30,160.71,-28.4,-29,-28,-29.1,-28.8,-28.8
20.07.2024 6:53,351,1,-30.2,925.7,-64.6,-30,160.71,-28.3,-28.9,-28,-29,-28.7,-28.7
20.07.2024 6:56,351,1,-30.4,925.7,-65.1,-30,160.71,-28.2,-28.8,-27.9,-28.9,-28.6,-28.7
20.07.2024 6:59,351,1.5,-30.2,925.7,-64.6,-30,159.28,-28.2,-28.9,-27.9,-28.9,-28.6,-28.7
20.07.2024 7:02,351,0.9,-30.3,925.7,-65.4,-30,159.28,-28.1,-28.8,-27.9,-28.9,-28.6,-28.7
20.07.2024 7:05,351,0.5,-30,925.7,-66.7,-30,159.28,-28.1,-28.8,-27.8,-28.9,-28.6,-28.7
20.07.2024 7:08,351,-0.9,-30.2,925.7,-68.7,-30,158.57,-28.1,-29,-27.8,-29,-28.7,-28.7
20.07.2024 7:11,351,0,-29.6,925.7,-66.6,-30,158.57,-28,-28.8,-27.8,-28.9,-28.6,-28.7
20.07.2024 7:14,351,-0.9,-29.8,925.7,-66.5,-30,157.85,-28,-28.8,-27.8,-28.9,-28.6,-28.7
20.07.2024 7:17,351,-1.9,-29.3,925.7,-68.5,-30,157.85,-28,-28.8,-27.8,-29,-28.6,-28.7
20.07.2024 7:20,351,0,-30.2,925.7,-75.2,-30,157.14,-28,-29,-27.8,-29,-28.7,-28.7
20.07.2024 7:23,351,1.7,-30.3,925.7,-69.4,-30,157.14,-28,-28.9,-27.8,-29,-28.6,-28.7
20.07.2024 7:26,351,0.4,-29.8,925.7,-69.7,-30,157.14,-28,-29,-27.8,-29,-28.7,-28.7
20.07.2024 7:29,350,-0.2,-30.1,925.7,-74.9,-30,156.42,-27.9,-28.9,-27.8,-29,-28.6,-28.7
20.07.2024 7:32,351,-10.6,-26.9,925.7,-79.3,-20,159.28,-27.5,-27.3,-27.6,-28.4,-28.1,-28.1
20.07.2024 7:35,351,-15.6,-23.4,925.7,-75.4,-20,166.42,-25.4,-24,-26.4,-26.1,-26.3,-26.4
20.07.2024 7:38,351,-26.4,-20.3,925.7,-61,-20,172.85,-22.7,-20.9,-24.8,-23.3,-24.7,-24.6
20.07.2024 7:41,351,-7.3,-20.1,925.7,-49.6,-20,175.71,-21.1,-20,-23.2,-21.1,-23.1,-23
20.07.2024 7:44,351,-3.5,-20.2,925.7,-38.3,-20,175.71,-20.1,-19.4,-21.7,-19.9,-21.7,-21.7
20.07.2024 7:47,351,2,-20.5,925.7,-29.3,-20,174.28,-19.6,-19.2,-20.6,-19.4,-20.7,-20.7
20.07.2024 7:50,351,-2.6,-19.6,925.7,-28.8,-20,174.28,-19.2,-18.8,-19.8,-19.1,-20,-20
20.07.2024 7:53,351,2.2,-20.2,925.7,-77.1,-20,173.57,-19,-18.8,-19.2,-18.9,-19.5,-19.5
20.07.2024 7:56,351,2.7,-20.5,925.7,-62.5,-20,172.85,-18.8,-18.6,-18.8,-18.7,-19.1,-19.1
20.07.2024 7:59,351,2,-19.7,925.7,-63.3,-20,171.42,-18.7,-18.7,-18.5,-18.7,-18.8,-18.8
20.07.2024 8:02,351,1.3,-20.2,925.7,-74.7,-20,170.71,-18.6,-18.7,-18.3,-18.7,-18.7,-18.7
20.07.2024 8:05,351,2.9,-20.5,925.7,-54.4,-20,168.57,-18.6,-18.8,-18.2,-18.7,-18.5,-18.6
20.07.2024 8:08,351,3.6,-20.5,925.7,-59,-20,167.85,-18.6,-18.7,-18.2,-18.7,-18.5,-18.5
20.07.2024 8:11,351,-0.9,-19.5,925.7,-67,-20,167.85,-18.5,-18.6,-18.2,-18.7,-18.4,-18.5
20.07.2024 8:14,351,1.6,-20.1,925.7,-75.3,-20,167.14,-18.6,-18.7,-18.2,-18.7,-18.4,-18.4
20.07.2024 8:17,351,2.8,-20.4,925.7,-62.3,-20,165.71,-18.5,-18.6,-18.1,-18.6,-18.4,-18.4
20.07.2024 8:20,351,3,-20.4,925.7,-61.2,-20,165.71,-18.5,-18.6,-18.1,-18.6,-18.3,-18.4
20.07.2024 8:23,351,-1.6,-19.4,925.7,-63.3,-20,165.71,-18.5,-18.5,-18.1,-18.6,-18.4,-18.4
20.07.2024 8:26,351,2.7,-20.2,925.7,-76.2,-20,163.57,-18.5,-18.6,-18.1,-18.6,-18.4,-18.4
20.07.2024 8:29,351,3.1,-20.5,925.7,-65.1,-20,162.85,-18.4,-18.6,-18.1,-18.6,-18.3,-18.4
20.07.2024 8:32,351,2.9,-20.2,925.7,-62.3,-20,162.85,-18.4,-18.5,-18.1,-18.5,-18.3,-18.3
20.07.2024 8:35,351,-0.4,-19.4,925.7,-63.5,-20,162.85,-18.3,-18.5,-18,-18.5,-18.3,-18.3
20.07.2024 8:38,351,2,-20.3,925.7,-64.3,-20,162.14,-18.4,-18.6,-18,-18.6,-18.3,-18.4
20.07.2024 8:41,351,4.1,-20.5,925.7,-64.1,-20,161.42,-18.3,-18.5,-18,-18.5,-18.3,-18.3
20.07.2024 8:44,351,1.5,-19.5,925.7,-63,-20,162.14,-18.3,-18.4,-18,-18.5,-18.3,-18.3
20.07.2024 8:47,351,0.9,-19.8,925.7,-68.7,-20,161.42,-18.3,-18.5,-18,-18.5,-18.3,-18.3
20.07.2024 8:50,351,2.4,-20.3,925.7,-60,-20,160.71,-18.2,-18.6,-18,-18.5,-18.3,-18.3
20.07.2024 8:53,351,4.2,-20.5,925.7,-53.7,-20,160.71,-18.2,-18.6,-17.9,-18.5,-18.3,-18.3
20.07.2024 8:56,351,0,-19.3,925.7,-64.4,-20,161.42,-18.2,-18.4,-17.9,-18.5,-18.3,-18.3
20.07.2024 8:59,351,2.7,-20.4,925.7,-74.3,-20,160.71,-18.2,-18.5,-17.9,-18.5,-18.3,-18.3
20.07.2024 9:02,351,3.1,-20.4,925.7,-64.7,-20,159.28,-18.2,-18.5,-17.9,-18.5,-18.3,-18.3
20.07.2024 9:05,351,2.1,-19.9,925.7,-62.4,-20,159.28,-18.1,-18.4,-17.9,-18.5,-18.2,-18.2
20.07.2024 9:08,351,-1.7,-19.5,925.7,-66.1,-20,160.71,-18.1,-18.5,-17.9,-18.5,-18.3,-18.3
20.07.2024 9:11,351,3.9,-20.4,925.7,-70,-20,158.57,-18.1,-18.5,-17.8,-18.5,-18.3,-18.3
20.07.2024 9:14,350,3.1,-20.4,925.7,-61.5,-20,158.57,-18,-18.4,-17.8,-18.5,-18.2,-18.2
20.07.2024 9:17,351,2.4,-19.7,925.7,-62.7,-20,158.57,-18,-18.5,-17.8,-18.5,-18.3,-18.3
20.07.2024 9:20,351,0.3,-19.6,925.7,-68.1,-20,158.57,-18,-18.5,-17.8,-18.6,-18.3,-18.3
20.07.2024 9:23,351,3.5,-20.4,925.7,-59,-20,157.85,-18,-18.6,-17.8,-18.5,-18.3,-18.3
20.07.2024 9:26,351,3.8,-20.5,925.7,-61.5,-20,157.85,-18,-18.5,-17.8,-18.5,-18.2,-18.2
20.07.2024 9:29,351,-0.1,-19.4,925.7,-64.6,-20,158.57,-17.9,-18.4,-17.8,-18.5,-18.2,-18.2
20.07.2024 9:32,351,-7.2,-17.9,925.7,-76.8,-10,161.42,-17.5,-17.2,-17.6,-18,-17.8,-17.8
20.07.2024 9:35,351,-14,-14.7,925.7,-71.7,-10,165.71,-15.6,-14.4,-16.2,-15.8,-16.1,-16.1
20.07.2024 9:38,351,-26,-11.9,925.7,-57.7,-10,167.14,-13.6,-12.1,-14.5,-12.8,-14.4,-14.2
20.07.2024 9:41,351,-6.7,-11.8,925.7,-46.4,-10,167.14,-12.1,-10.3,-12.4,-10.3,-12.4,-12.3
20.07.2024 9:44,351,3.4,-11.3,925.7,-36.3,-10,167.85,-11.4,-9.7,-11,-9.6,-11.1,-11
20.07.2024 9:47,351,1.3,-10.6,925.7,-27.9,-10,167.14,-10.8,-9.3,-10.1,-9.1,-10.1,-10.1
20.07.2024 9:50,351,-3.9,-9.7,925.7,-68.4,-10,165.71,-10.2,-8.9,-9.5,-8.7,-9.4,-9.4
20.07.2024 9:53,351,5.9,-10.8,925.7,-62.6,-10,164.28,-9.8,-8.7,-9,-8.5,-8.9,-8.9
20.07.2024 9:56,351,1.4,-10.1,925.7,-75.5,-10,162.14,-9.6,-8.6,-8.8,-8.5,-8.6,-8.6
20.07.2024 9:59,351,5.3,-11,925.7,-64.3,-10,161.42,-9.3,-8.5,-8.6,-8.4,-8.4,-8.4
20.07.2024 10:02,351,-2.7,-9.5,925.7,-60.3,-10,159.28,-9.2,-8.5,-8.5,-8.4,-8.3,-8.2
20.07.2024 10:05,351,5.6,-10.9,925.7,-68.2,-10,158.57,-9.1,-8.5,-8.4,-8.4,-8.3,-8.2
20.07.2024 10:08,351,2.8,-9.5,925.7,-59.6,-10,157.14,-9,-8.3,-8.3,-8.3,-8.2,-8.1
20.07.2024 10:11,351,4,-10.5,925.7,-62.3,-10,155.71,-9,-8.3,-8.3,-8.2,-8.2,-8.1
20.07.2024 10:14,351,4,-10.7,925.7,-47.1,-10,155.71,-9,-8.3,-8.2,-8.3,-8.2,-8.1
20.07.2024 10:17,351,2.1,-10.4,925.7,-78.9,-10,155,-9,-8.5,-8.3,-8.4,-8.2,-8.2
20.07.2024 10:20,351,4.8,-10.6,925.7,-57.2,-10,153.57,-9,-8.3,-8.2,-8.3,-8.2,-8.1
20.07.2024 10:23,351,3,-10.1,925.7,-74.6,-10,152.14,-8.9,-8.3,-8.2,-8.3,-8.2,-8.1
20.07.2024 10:26,351,5.8,-11,925.7,-53.8,-10,152.14,-8.9,-8.4,-8.2,-8.3,-8.2,-8.1
20.07.2024 10:29,351,-3.9,-9.5,925.7,-59.7,-10,150.71,-8.9,-8.3,-8.2,-8.3,-8.1,-8.1
20.07.2024 10:32,351,6.4,-10.9,925.7,-71.5,-10,151.42,-8.9,-8.4,-8.2,-8.3,-8.2,-8.1
20.07.2024 10:35,351,1.7,-9.4,925.7,-59.9,-10,150,-8.8,-8.3,-8.1,-8.2,-8.1,-8.1
20.07.2024 10:38,351,4,-10.4,925.7,-60.8,-10,150,-8.8,-8.3,-8.1,-8.2,-8.1,-8.1
20.07.2024 10:41,351,4.2,-10.6,925.7,-46.7,-10,150,-8.8,-8.3,-8.1,-8.2,-8.1,-8
20.07.2024 10:44,351,1.7,-10.2,925.7,-78.6,-10,148.57,-8.8,-8.4,-8.1,-8.4,-8.2,-8.2
20.07.2024 10:47,351,5.4,-10.7,925.7,-60.5,-10,148.57,-8.8,-8.3,-8.1,-8.2,-8.2,-8.1
20.07.2024 10:50,351,1.9,-9.7,925.7,-67.6,-10,147.14,-8.8,-8.2,-8.1,-8.2,-8.1,-8
20.07.2024 10:53,351,5.4,-10.8,925.7,-53.5,-10,147.85,-8.8,-8.3,-8.1,-8.2,-8.2,-8.1
20.07.2024 10:56,351,1,-10,925.7,-40.8,-10,147.85,-8.8,-8.2,-8,-8.2,-8.1,-8.1
20.07.2024 10:59,351,5.3,-10.7,925.7,-76.1,-10,147.85,-8.8,-8.3,-8.1,-8.3,-8.2,-8.1
20.07.2024 11:02,351,2.4,-9.8,925.7,-58.4,-10,147.14,-8.7,-8.1,-8,-8.1,-8,-8
20.07.2024 11:05,351,2.2,-10.1,925.7,-59.8,-10,147.14,-8.7,-8.2,-8,-8.2,-8.1,-8
20.07.2024 11:08,350,5.5,-10.9,925.7,-45.2,-10,147.85,-8.7,-8.3,-8,-8.2,-8.1,-8.1
20.07.2024 11:11,351,-0.5,-9.9,925.7,-73.3,-10,147.14,-8.7,-8.3,-8,-8.2,-8.1,-8.1
20.07.2024 11:14,351,5.6,-10.9,925.7,-65.4,-10,147.14,-8.7,-8.3,-8,-8.2,-8.2,-8.1
20.07.2024 11:17,351,3.6,-9.6,925.7,-59.2,-10,146.42,-8.7,-8.1,-8,-8.2,-8,-8
20.07.2024 11:20,351,1.6,-10.2,925.7,-51.1,-10,146.42,-8.7,-8.3,-8,-8.3,-8.1,-8.1
20.07.2024 11:23,351,4.9,-10.7,925.7,-41.9,-10,147.14,-8.7,-8.3,-8,-8.3,-8.2,-8.1
20.07.2024 11:26,351,2,-10.1,925.7,-77.5,-10,146.42,-8.7,-8.3,-8,-8.3,-8.1,-8.1
20.07.2024 11:29,351,5.1,-10.7,925.7,-62.1,-10,146.42,-8.7,-8.3,-8,-8.2,-8.1,-8
20.07.2024 11:32,351,-6.4,-7.5,925.7,-75.4,0,138.75,-8.4,-7.5,-7.7,-7.1,-7.2,-7
20.07.2024 11:35,351,-18.9,-4.7,925.7,-64.4,0,128.75,-7.5,-5.9,-6.8,-5.4,-5.7,-5.5
20.07.2024 11:38,351,-28.6,-2.3,925.7,-51.2,0,130.62,-5.4,-3.9,-4.4,-3.2,-3.6,-3.7
20.07.2024 11:41,351,-16,-0.2,925.7,-55.2,0,136.25,-3.8,-1.9,-3.1,-1.6,-2.7,-2.5
20.07.2024 11:44,351,-9.5,-0.1,925.7,-51.6,0,140.71,-3.1,-1.4,-2.4,-0.8,-2,-1.8
20.07.2024 11:47,351,-0.7,-1.1,925.7,-39.1,0,142.85,-2.4,-1.2,-1.8,-0.9,-1.5,-1.4
20.07.2024 11:50,351,5.4,-1.4,925.7,-51.1,0,145.71,-1.9,-1,-1.4,-0.6,-1.1,-1.3
20.07.2024 11:53,351,5,-0.9,925.7,-75.9,0,146.42,-1.5,-0.9,-1,0.1,-0.9,-1.1
20.07.2024 11:56,351,2.5,0,925.7,-73.8,0,145,-1.1,-0.8,-0.6,0.2,-0.8,-1
20.07.2024 11:59,351,6.4,-1.3,925.7,-57.9,0,142.85,-0.9,-0.8,-0.3,0,-0.8,-1
20.07.2024 12:02,351,-0.1,-0.6,925.7,-44.1,0,142.14,-0.8,-0.9,-0.2,-0.2,-0.8,-0.9
20.07.2024 12:05,351,-6.1,0.3,925.7,-61.6,0,143.57,-0.7,-0.9,0,-0.2,-0.8,-0.9
20.07.2024 12:08,351,6,-0.8,925.7,-52,0,143.57,-0.6,-0.8,0,-0.2,-0.7,-0.8
20.07.2024 12:11,351,6.2,-0.7,925.7,-73.1,0,141.42,-0.5,-0.8,0.1,-0.2,-0.7,-0.7
20.07.2024 12:14,351,6.5,-0.1,925.7,-53.2,0,138.75,-0.5,-0.9,0.2,-0.3,-0.7,-0.7
20.07.2024 12:17,351,3.7,-0.7,925.7,-46.2,0,137.5,-0.5,-0.9,0.2,-0.4,-0.7,-0.7
20.07.2024 12:20,351,-5.3,0,925.7,-67.9,0,138.12,-0.4,-1,0.2,-0.5,-0.7,-0.7
20.07.2024 12:23,351,8,-1.2,925.7,-56.6,0,138.75,-0.5,-1,0.3,-0.4,-0.6,-0.7
20.07.2024 12:26,351,6.1,-0.7,925.7,-72.7,0,136.87,-0.4,-1,0.3,-0.4,-0.6,-0.7
20.07.2024 12:29,351,7.4,-0.8,925.7,-53.7,0,135.62,-0.4,-1,0.3,-0.4,-0.6,-0.7
20.07.2024 12:32,350,5.1,-0.6,925.7,-44.8,0,135,-0.4,-1,0.3,-0.4,-0.7,-0.7
20.07.2024 12:35,351,-3.6,0.1,925.7,-68.1,0,135.62,-0.4,-1.1,0.1,-0.4,-0.7,-0.8
20.07.2024 12:38,351,8.2,-1.3,925.7,-58.6,0,136.25,-0.3,-1.1,0,-0.4,-0.6,-0.7
20.07.2024 12:41,351,6.3,-0.7,925.7,-72.3,0,135,-0.3,-1.1,0,-0.4,-0.6,-0.7
20.07.2024 12:44,351,6.7,-0.9,925.7,-55.1,0,133.12,-0.3,-1.1,0,-0.4,-0.7,-0.7
20.07.2024 12:47,351,3,-0.6,925.7,-45.5,0,132.5,-0.3,-1.1,-0.1,-0.4,-0.7,-0.4
20.07.2024 12:50,351,-4.9,0.2,925.7,-52.5,0,133.12,-0.4,-1.1,-0.1,-0.4,-0.7,-0.4
20.07.2024 12:53,351,8.7,-1.3,925.7,-71.6,0,133.75,-0.5,-1,-0.1,-0.4,-0.7,-0.4
20.07.2024 12:56,351,5.2,-0.3,925.7,-72.3,0,132.5,-0.6,-0.9,-0.1,-0.4,-0.8,-0.4
20.07.2024 12:59,351,6.8,-1.2,925.7,-58.7,0,131.87,-0.6,-0.9,-0.1,-0.5,-0.8,-0.4
20.07.2024 13:02,351,2.7,-0.5,925.7,-65.9,0,131.25,-0.6,-0.9,-0.2,-0.6,-0.8,-0.4
20.07.2024 13:05,351,-3.2,0.3,925.7,-55.8,0,131.87,-0.7,-0.9,-0.2,-0.7,-0.8,-0.4
20.07.2024 13:08,351,6.8,-1.1,925.7,-57.1,0,131.87,-0.6,-0.9,-0.3,-0.7,-0.5,-0.4
20.07.2024 13:11,351,2.5,0,925.7,-72.7,0,131.25,-0.6,-0.9,-0.3,-0.8,-0.5,-0.4
20.07.2024 13:14,351,7.6,-1.4,925.7,-62,0,130.62,-0.6,-0.9,-0.4,-0.9,-0.5,-0.5
20.07.2024 13:17,351,3.1,-0.5,925.7,-78.8,0,131.87,-0.6,-0.9,-0.4,-1,-0.5,-0.5
20.07.2024 13:20,351,4.2,0,925.7,-51.7,0,132.5,-0.6,-0.9,-0.4,-0.9,-0.5,-0.5
20.07.2024 13:23,350,7,-0.8,925.7,-70.2,0,131.25,-0.7,-0.9,-0.5,-1,-0.5,-0.5
20.07.2024 13:26,351,0.9,0,925.7,-50.2,0,130.62,-0.7,-1,-0.6,-1,-0.5,-0.5
20.07.2024 13:29,351,7.4,-1.4,925.7,-38.3,0,130.62,-0.7,-1,-0.7,-1.1,-0.5,-0.6
20.07.2024 13:32,351,-15.4,1.8,925.7,-82.8,20,132.5,-0.7,-1,-0.7,-1,-0.5,-0.6
20.07.2024 13:35,351,-12.2,4.6,925.7,-77,20,133.75,-0.4,-0.7,-0.4,-0.7,-0.3,-0.4
20.07.2024 13:38,351,-6.2,7.5,925.7,-74.8,20,135.62,-0.1,-0.4,0,-1.1,0,0
20.07.2024 13:41,351,-24.5,10.3,925.7,-59.9,20,138.12,0.3,0,0.3,-0.9,0.5,0.4
20.07.2024 13:44,351,-31.1,12.5,925.7,-48,20,147.85,0.9,0.6,0.9,0,1.1,1
20.07.2024 13:47,351,-30.3,14.4,925.7,-86.7,20,156.42,1.6,1.3,1.7,0.9,1.8,1.9
20.07.2024 13:50,351,-20.2,17.2,925.7,-82.6,20,160.71,2.1,1.8,2.1,1.2,2.3,2.2
20.07.2024 13:53,351,-10,19.7,925.7,-78.8,20,160.71,2.4,1.9,2.2,1.1,2.2,2.2
20.07.2024 13:56,351,-18.9,19.4,925.7,-49.6,20,162.14,2.5,1.7,2.4,1.3,2.1,2.3
20.07.2024 13:59,351,-7.7,19.3,925.7,-83.5,20,167.85,3.2,2.5,3.3,2.4,2.8,3.1
20.07.2024 14:02,351,8.1,18,925.7,-76,20,167.85,3.6,3,4,2.6,3.2,3.5
20.07.2024 14:05,351,4.2,19,925.7,-42.6,20,165.71,3.7,2.8,4.5,2.3,3.2,3.4
20.07.2024 14:08,351,4.9,20.6,925.7,-46,20,159.28,3.5,2.2,4.3,1.5,2.7,2.8
20.07.2024 14:11,351,9.5,18.7,925.7,-56.3,20,152.85,3.2,1.5,3.6,0.9,2,2.2
20.07.2024 14:14,351,4.5,19.5,925.7,-76.1,20,150,2.8,1.2,3.3,0.6,1.7,1.9
20.07.2024 14:17,351,-3,20.2,925.7,-70.5,20,151.42,2.9,1.5,3.1,0.9,1.8,2.1
20.07.2024 14:20,351,9.2,18.6,925.7,-59.9,20,150,2.9,1.4,3.1,0.9,1.9,2.2
20.07.2024 14:23,351,8.4,19.2,925.7,-60.3,20,146.42,2.8,1.1,3.2,0.5,1.6,1.9
20.07.2024 14:26,351,-0.7,19,925.7,-81.9,20,152.14,2.9,1.6,3.2,1.3,1.7,2.3
20.07.2024 14:29,351,3.9,18.6,925.7,-77.2,20,153.57,3.2,2.1,3.5,1.6,2,2.8
20.07.2024 14:32,351,5.8,19.6,925.7,-69.4,20,150.71,3.2,1.8,3.5,1.2,2,2.6
20.07.2024 14:35,351,9.1,19.9,925.7,-66.4,20,145,3,1.1,3.1,0.4,1.5,2
20.07.2024 14:38,351,8.6,19,925.7,-52.6,20,141.42,2.7,0.6,2.7,0,1.1,1.5
20.07.2024 14:41,351,2.9,19.2,925.7,-54.8,20,145.71,2.8,1,2.9,0.7,1.3,1.9
20.07.2024 14:44,351,3.3,18.7,925.7,-78.3,20,150,3,1.6,3.1,1.2,1.9,2.4
20.07.2024 14:47,351,7.3,19.2,925.7,-69.3,20,147.85,3,1.5,3.1,1,2.1,2.3
20.07.2024 14:50,351,9.9,20.4,925.7,-49.6,20,142.85,2.8,0.9,2.8,0.4,1.8,1.8
20.07.2024 14:53,351,9.5,18.9,925.7,-63.8,20,138.75,2.6,0.4,2.4,0,1.4,1.4
20.07.2024 14:56,351,-2.4,19.4,925.7,-82.4,20,142.85,2.7,0.9,2.5,0.6,1.7,1.7
20.07.2024 14:59,351,2,19.2,925.7,-76.2,20,145,2.8,1.2,2.7,0.7,2,2
20.07.2024 15:02,351,10.6,18.7,925.7,-66.9,20,143.57,2.9,1,2.6,0.6,2.1,1.9
20.07.2024 15:05,351,11,19.4,925.7,-65.1,20,140,2.7,0.6,2.3,0.1,1.7,1.4
20.07.2024 15:08,351,-3.1,20.6,925.7,-75.1,20,140,2.6,0.4,2.1,0.1,1.5,1.3
20.07.2024 15:11,351,-6.4,20.3,925.7,-53.1,20,142.85,2.8,0.9,2.3,0.6,2,1.8
20.07.2024 15:14,351,0.5,20.1,925.7,-63.1,20,142.14,2.9,0.9,2.3,0.5,2.1,1.7
20.07.2024 15:17,351,9.7,19.6,925.7,-49.4,20,140,2.8,0.5,2.1,0.2,1.9,1.4
20.07.2024 15:20,351,8,19.3,925.7,-61.7,20,136.87,2.6,0.2,1.8,0,1.6,1.1
20.07.2024 15:23,351,-4,19.5,925.7,-82.7,20,140.71,2.7,0.6,1.8,0.4,2,1.5
20.07.2024 15:26,351,0.5,19.5,925.7,-74.5,20,141.42,2.9,0.8,1.9,0.5,2.2,1.7
20.07.2024 15:29,351,6.8,20,925.7,-68,20,140,2.9,0.7,1.8,0.3,2.1,1.5
20.07.2024 15:32,351,8.8,20.7,925.7,-66.4,30,136.25,2.7,0.2,1.4,0,1.8,1.1
20.07.2024 15:35,351,-14.1,23.5,925.7,-84.2,30,136.25,2.5,0,1.1,0,1.5,0.9
20.07.2024 15:38,351,-15.2,26.1,925.7,-77.9,30,140,2.6,0.2,1.3,0.3,1.8,1.2
20.07.2024 15:41,351,-5.4,27.6,925.7,-74.5,30,140.71,2.6,0.2,1.3,0.4,1.8,1.1
20.07.2024 15:44,351,-21.8,30.2,925.7,-71.9,30,143.57,2.7,0.4,1.4,0.7,2,1.3
20.07.2024 15:47,351,-22.4,29.8,925.7,-41.7,30,150,3,0.9,1.7,1.3,2.5,1.9
20.07.2024 15:50,350,-8.7,30,925.7,-66.9,30,156.42,3.5,1.7,2.2,2,3.2,2.7
20.07.2024 15:53,351,0,30.4,925.7,-61.4,30,156.42,3.8,1.9,2.4,2,3.7,2.9
20.07.2024 15:56,351,9.6,29.6,925.7,-65.2,30,150,3.8,1.3,1.9,1.6,3.7,2.4
20.07.2024 15:59,351,11.9,29.9,925.7,-49.5,30,145,3,0.7,1.3,1.3,3.3,1.8
20.07.2024 16:02,351,8.4,28.6,925.7,-59.8,30,147.14,3.1,1,1.5,1.6,3.3,2.1
20.07.2024 16:05,351,7.2,28.3,925.7,-70.5,30,148.57,3.4,1.4,1.8,1.9,3.6,2.4
20.07.2024 16:08,351,12.1,28.5,925.7,-64.3,30,145.71,3.4,1.2,1.7,1.8,3.6,2.3
20.07.2024 16:11,351,9.3,29.2,925.7,-73.8,30,142.14,3.2,0.7,1.3,1.5,3.4,1.8
20.07.2024 16:14,351,4.5,29.3,925.7,-76.8,30,145,3.3,1,1.7,1.8,3.4,2.1
20.07.2024 16:17,351,10.8,28.6,925.7,-66.8,30,145,3.5,1.1,1.8,1.9,3.5,2.3
20.07.2024 16:20,351,11.7,29.4,925.7,-64.3,30,140.71,3.3,0.7,1.5,1.7,3.4,1.9
20.07.2024 16:23,351,-3.2,29.7,925.7,-83,30,140.71,3.2,0.7,1.5,1.7,3.1,1.9
20.07.2024 16:26,351,-4.1,29.6,925.7,-78.1,30,143.57,3.5,1.1,1.9,2,3.2,2.2
20.07.2024 16:29,351,5.4,29.7,925.7,-67.6,30,142.85,3.7,1.1,2,1.8,3.3,2
20.07.2024 16:32,351,11.5,30,925.7,-54.6,30,140,3.5,0.6,1.7,1.5,3,1.7
20.07.2024 16:35,351,9.3,28.3,925.7,-75.2,30,140.71,3.5,0.7,1.8,1.8,2.8,1.8
20.07.2024 16:38,351,8.1,29.2,925.7,-69,30,141.42,3.6,0.9,2.1,2.1,2.8,2.1
20.07.2024 16:41,351,11.2,29,925.7,-65,30,138.75,3.6,0.6,2,2,2.6,2.1
20.07.2024 16:44,351,10.9,28.2,925.7,-48.6,30,138.12,3.5,0.5,2,2,2.5,2
20.07.2024 16:47,351,4.6,28.7,925.7,-46.1,30,140.71,3.7,0.8,2.3,2.3,2.4,2.3
20.07.2024 16:50,351,11.4,28.9,925.7,-63.9,30,140.71,3.7,0.8,2.4,2.4,2.4,2.5
20.07.2024 16:53,351,10.1,29.1,925.7,-51.2,30,136.87,3.6,0.4,2.1,2.3,2.1,2.2
20.07.2024 16:56,351,-5.3,29.7,925.7,-80.4,30,140,3.7,0.7,2.5,2.6,2.1,2.5
20.07.2024 16:59,351,4.7,30.1,925.7,-55.2,30,140.71,3.8,0.8,2.8,2.6,2.2,2.7
20.07.2024 17:02,351,10.4,30.1,925.7,-49.6,30,138.12,3.8,0.4,2.6,2.5,2,2.5
20.07.2024 17:05,351,10.7,28.2,925.7,-64.6,30,138.12,3.7,0.5,2.8,2.7,1.9,2.6
20.07.2024 17:08,351,10.1,28.6,925.7,-67.8,30,140,3.9,0.7,3.1,2.9,2,2.8
20.07.2024 17:11,351,10.2,29.8,925.7,-65.5,30,137.5,3.9,0.5,3,2.8,1.9,2.7
20.07.2024 17:14,351,6.1,29.2,925.7,-47.9,30,138.12,3.8,0.5,3.1,2.8,1.7,2.7
20.07.2024 17:17,351,10.8,29,925.7,-65.8,30,137.5,3.8,0.4,3.2,2.9,1.6,2.7
20.07.2024 17:20,351,6.6,29.2,925.7,-76.9,30,135.62,3.7,0.2,3.2,2.7,1.4,2.5
20.07.2024 17:23,351,-1,29.2,925.7,-80.5,30,138.12,3.8,0.5,3.6,3,1.4,2.7
20.07.2024 17:26,351,4,29.5,925.7,-70.9,30,140,4,0.7,3.9,3.2,1.5,3
20.07.2024 17:29,351,10.5,29.7,925.7,-65.3,30,137.5,4,0.5,4,3.1,1.4,2.9
20.07.2024 17:32,351,9.9,30.1,925.7,-49,30,135,3.8,0.1,4,2.9,1,2.6
20.07.2024 17:35,351,3,28.7,925.7,-79.5,30,136.25,3.7,0.2,4.4,2.9,1,2.6
20.07.2024 17:38,351,8.9,28.4,925.7,-70.7,30,138.12,3.9,0.6,5,3.4,1.2,3
20.07.2024 17:41,351,10.5,29.2,925.7,-65.7,30,137.5,4,0.6,5.3,3.5,1.2,3
20.07.2024 17:44,351,11.1,29.8,925.7,-65.9,30,133.75,3.8,0.2,5.3,3.2,0.9,2.7
20.07.2024 17:47,351,9.4,28.5,925.7,-50.9,30,135,3.7,0.1,5.7,3.2,0.7,2.6
20.07.2024 17:50,351,10,28.2,925.7,-68.4,30,137.5,3.8,0.5,6.4,3.5,0.9,3
20.07.2024 17:53,351,10.8,28.5,925.7,-65.8,30,138.12,4,0.6,6.8,3.8,1,3.1
20.07.2024 17:56,351,12.1,29.4,925.7,-63.5,30,135.62,3.9,0.3,7,3.8,0.7,2.9
20.07.2024 17:59,351,2.8,29.8,925.7,-81.2,30,133.12,3.6,0,7,3.9,0.4,2.7
20.07.2024 18:02,351,-8.5,29.9,925.7,-69.3,30,136.25,3.7,0.4,7.4,4.2,0.6,2.9
20.07.2024 18:05,351,9,28.9,925.7,-67.6,30,136.87,3.8,0.5,7.9,4.5,0.6,3.1
20.07.2024 18:08,351,11.6,29.3,925.7,-65.6,30,133.75,3.7,0.2,8.3,4.4,0.4,2.8
20.07.2024 18:11,351,-2.1,30.6,925.7,-62.8,30,133.75,3.5,0.1,8.6,4.6,0.2,2.7
20.07.2024 18:14,351,-1.1,29.5,925.7,-52.6,30,136.25,3.7,0.4,9.1,5.2,0.4,3
20.07.2024 18:17,351,11.6,29,925.7,-65.7,30,136.25,3.8,0.5,9.4,5.5,0.4,3.1
20.07.2024 18:20,350,9.5,30,925.7,-71.2,30,133.75,3.6,0.2,9.4,5.9,0.1,2.8
20.07.2024 18:23,351,8.4,28.8,925.7,-55.6,30,132.5,3.6,0.2,9.5,6.1,0,2.8
20.07.2024 18:26,351,9.5,28.7,925.7,-69.9,30,133.75,3.6,0.3,9.7,7,0,2.9
20.07.2024 18:29,351,2.1,29.7,925.7,-73.8,30,135.62,3.7,0.5,9.9,7.7,0.1,3.1
20.07.2024 18:32,351,0,32.1,925.7,-69.8,50,135,3.7,0.4,10,8.4,0,3
20.07.2024 18:35,351,1.5,33.7,925.7,-70.3,50,132.5,3.6,0.2,10.2,9.3,-0.2,2.8
20.07.2024 18:38,351,-15.5,36.3,925.7,-81.1,50,135,3.6,0.3,10.5,10.4,-0.1,3.1
20.07.2024 18:41,351,-10.1,37.6,925.7,-75.8,50,136.87,3.7,0.6,10.9,11.9,0,3.4
20.07.2024 18:44,351,-7.3,41,925.7,-71.2,50,138.12,3.9,0.7,12.2,13.1,0,3.6
20.07.2024 18:47,351,-23,43.6,925.7,-84.5,50,142.14,4.1,1.2,13.3,14.7,0.4,4.1
20.07.2024 18:50,351,-15.8,45.1,925.7,-77.6,50,145.71,4.4,1.6,14.3,16.6,0.7,4.6
20.07.2024 18:53,351,-4.2,46.4,925.7,-74.3,50,146.42,4.6,1.9,15.2,18.3,0.8,4.9
20.07.2024 18:56,351,-10.4,50.8,925.7,-75.8,50,147.14,4.7,2.2,15.7,19.7,0.9,5.3
20.07.2024 18:59,351,-11,48.6,925.7,-43.5,50,151.42,5,2.9,16.3,20.4,1.4,6.2
20.07.2024 19:02,351,6,48,925.7,-75.2,50,155.71,5.5,3.7,17.2,21.8,1.9,7.4
20.07.2024 19:05,351,2.5,49.6,925.7,-69.1,50,155.71,6,4.2,17.9,23.3,2.3,8.2
20.07.2024 19:08,350,11.8,48.9,925.7,-50.2,50,150.71,5.9,4.1,18.8,25.4,2,8.2
20.07.2024 19:11,351,10.7,48.8,925.7,-65.2,50,146.42,5.8,4.1,19.2,28.3,1.7,8.5
20.07.2024 19:14,351,-1.6,49.9,925.7,-61.3,50,145,5.8,4.4,19.5,30.6,1.7,9.1
20.07.2024 19:17,351,8.6,48.1,925.7,-67,50,145.71,6,4.8,19.9,32.3,1.9,10
20.07.2024 19:20,351,4.7,49.2,925.7,-75,50,142.14,6,4.9,20.2,35.2,1.7,10.1
20.07.2024 19:23,351,10.9,49.6,925.7,-47,50,142.85,6.1,5.3,20.5,37.4,1.7,10.9
20.07.2024 19:26,351,5,49,925.7,-70.7,50,141.42,6.2,5.6,20.7,38.9,1.7,11.4
20.07.2024 19:29,351,9,49,925.7,-72.6,50,140,6.2,5.7,20.9,40.5,1.6,11.8
20.07.2024 19:32,351,9.2,48.3,925.7,-62.6,50,140,6.3,6.1,21.2,41.7,1.6,12.7
20.07.2024 19:35,351,8.9,49.9,925.7,-68.6,50,137.5,6.3,6.1,21.3,42.8,1.4,13
20.07.2024 19:38,351,-2.4,48.7,925.7,-80.3,50,140,6.4,6.7,21.6,44,1.6,13.7
20.07.2024 19:41,351,10.9,48,925.7,-64.8,50,141.42,6.7,7.3,22,44.8,1.8,14.2
20.07.2024 19:44,351,9.7,49.2,925.7,-56.3,50,136.87,6.6,7.4,21.8,45.9,1.5,14.2
20.07.2024 19:47,351,3.4,49.4,925.7,-80.7,50,137.5,6.6,7.8,22.2,46.8,1.5,14.7
20.07.2024 19:50,351,6.5,50.1,925.7,-67,50,138.75,6.9,8.5,22.5,47.4,1.7,15.1
20.07.2024 19:53,351,12.3,48.6,925.7,-63.1,50,136.87,6.9,8.8,22.8,47.5,1.6,15.1
20.07.2024 19:56,351,6.3,49,925.7,-78,50,133.75,6.7,9.1,23.1,48.3,1.3,15.2
20.07.2024 19:59,351,6.5,48.2,925.7,-73.5,50,135.62,6.9,9.9,23.3,48.7,1.5,15.5
20.07.2024 20:02,351,11,48.7,925.7,-64.9,50,135,7.1,10.2,23.5,48.9,1.6,15.5
20.07.2024 20:05,351,8.7,49.7,925.7,-51.2,50,131.87,7,10.5,23.7,49.7,1.4,15.1
20.07.2024 20:08,351,4.4,48,925.7,-48.6,50,133.75,7.2,10.8,24.1,49.7,1.6,15.6
20.07.2024 20:11,351,8.3,47.9,925.7,-62.5,50,135,7.5,11.2,24.5,49.9,1.8,15.9
20.07.2024 20:14,351,7.3,48.6,925.7,-74.3,50,132.5,7.5,11.3,24.8,50,1.9,15.8
20.07.2024 20:17,351,9.1,48.3,925.7,-61.6,50,131.87,7.6,11.7,25.1,50.5,1.9,16
20.07.2024 20:20,351,8.6,48.7,925.7,-71.2,50,131.25,7.7,11.8,25.3,50.7,2.2,16
20.07.2024 20:23,351,-0.6,48.8,925.7,-79.9,50,132.5,7.8,12.1,25.5,50.6,2.5,16.1
20.07.2024 20:26,351,6.6,50,925.7,-46,50,133.75,8,12.4,26,50.8,2.9,16.3
20.07.2024 20:29,351,6.4,49.8,925.7,-71.3,50,131.25,8.2,12.4,26.2,50.4,3.2,16.1
20.07.2024 20:32,351,7.3,50.5,925.7,-59.2,50,130.62,8.5,12.5,26.4,50.6,3.5,16.2
20.07.2024 20:35,351,9.2,47.9,925.7,-61.8,50,130.62,8.8,12.7,26.6,50.7,4,16.2
20.07.2024 20:38,351,7.3,48.3,925.7,-69,50,131.25,9.2,12.9,26.8,50.5,4.5,16.3
20.07.2024 20:41,351,8.7,49.7,925.7,-66.9,50,129.37,9.5,12.8,27.1,50.8,5.1,16.4
20.07.2024 20:44,351,8.4,48.8,925.7,-61.5,50,129.37,9.6,13,27.4,51.1,5.8,16.4
20.07.2024 20:47,351,3.2,49.4,925.7,-74.2,50,130.62,9.9,12.9,27.7,50.9,7,16.4
20.07.2024 20:50,351,8.3,49.7,925.7,-67.6,50,128.75,10.1,13.1,27.9,50.8,8.7,16.5
20.07.2024 20:53,351,9.9,48.2,925.7,-56.2,50,128.75,10.2,13.1,28.2,50.9,10,16.6
20.07.2024 20:56,351,8,48.5,925.7,-66.6,50,129.37,10.4,13.2,28.5,51,11.4,16.8
20.07.2024 20:59,351,9,47.6,925.7,-59.3,50,128.12,10.6,13.3,28.7,50.8,12.5,16.7
20.07.2024 21:02,351,8.1,47.3,925.7,-48.4,50,128.12,10.8,13.5,29,51,14.6,16.9
20.07.2024 21:05,351,7.3,48.9,925.7,-50.8,50,128.75,11,13.7,29.2,51.1,16.8,17
20.07.2024 21:08,351,5.3,49.8,925.7,-78.5,50,128.12,11.2,13.7,29.4,50.9,18.4,17
20.07.2024 21:11,351,-5.6,49.4,925.7,-76.8,50,128.12,11.4,13.7,29.7,50.7,19.2,17.1
20.07.2024 21:14,351,10.1,48.6,925.7,-61.7,50,127.5,11.7,13.5,30,51,20.4,17
20.07.2024 21:17,351,8.1,49,925.7,-50.7,50,125,12.1,13.8,30.4,51.2,21.9,17.2
20.07.2024 21:20,351,-0.7,50.1,925.7,-51.3,50,126.25,12.4,14.1,30.6,51.3,23.5,17.3
20.07.2024 21:23,351,7.5,47.6,925.7,-70.5,50,126.25,12.7,14.1,30.6,50.7,24.5,17.2
20.07.2024 21:26,351,8.8,50,925.7,-60.1,50,124.37,12.8,13.9,30.8,50.5,25.2,17.2
20.07.2024 21:29,351,3.4,48.9,925.7,-80.4,50,123.75,13,14.2,31.1,50.7,26.2,17.4
20.07.2024 21:32,351,4.1,49.1,925.7,-42.8,50,125,13.2,14.4,31.4,50.7,27.4,17.6
20.07.2024 21:35,351,5.8,48.5,925.7,-49.1,50,125,13.5,14.3,31.6,50.5,28.9,17.8
20.07.2024 21:38,351,7,48.5,925.7,-52.8,50,123.12,13.7,14.5,32,51,30.9,18.1
20.07.2024 21:41,351,-3.8,49.7,925.7,-82.7,50,123.12,13.9,14.5,32.4,51,32.1,18.1
20.07.2024 21:44,351,-1.4,49,925.7,-78.6,50,124.37,14.2,14.6,32.9,51,33.1,18.3
20.07.2024 21:47,351,3,50.1,925.7,-50.5,50,125,14.5,14.6,33.4,51.1,33.9,18.5
20.07.2024 21:50,351,9.8,50.3,925.7,-60.5,50,123.12,14.8,14.9,34,51.2,34.6,18.7
20.07.2024 21:53,351,6.4,48.9,925.7,-41.9,50,123.12,15.1,14.6,34.4,51.2,35.2,18.8
20.07.2024 21:56,351,-4.9,49.8,925.7,-80.2,50,123.75,15.3,14.6,34.9,50.9,35.7,19
20.07.2024 21:59,351,9.4,50.1,925.7,-51.4,50,123.75,15.6,14.8,35.4,50.9,36.3,19.3
20.07.2024 22:02,351,7.7,47.9,925.7,-48.8,50,123.12,15.9,15.1,35.9,51.1,37,19.5
20.07.2024 22:05,351,2.7,49.5,925.7,-75.5,50,123.12,16.2,15.4,36.3,50.8,37.7,19.6
20.07.2024 22:08,351,6.2,49.2,925.7,-72.6,50,122.5,16.6,15.9,36.8,51.2,38.6,20
20.07.2024 22:11,351,-2.7,50.2,925.7,-45.1,50,123.12,16.9,16.1,37.4,51.4,39.5,19.9
20.07.2024 22:14,350,5.8,48.2,925.7,-47.9,50,123.12,17.3,16.9,37.9,51.3,40,19.9
20.07.2024 22:17,351,7.4,49.7,925.7,-46.9,50,123.12,17.4,17.5,38.6,51.1,40.6,20
20.07.2024 22:20,351,7.5,49.5,925.7,-68.9,50,121.87,17.8,18.2,39.3,51.2,41.3,20.1
20.07.2024 22:23,351,7.6,48.9,925.7,-76.5,50,120.62,18.1,19,39.9,50.9,41.8,19.8
20.07.2024 22:26,351,7.6,50,925.7,-50.7,50,121.87,18.5,19.9,40.6,50.8,42.3,19.6
20.07.2024 22:29,351,5.3,49.7,925.7,-49.6,50,120.62,18.9,20.7,41.4,50.7,43,19.5
20.07.2024 22:32,351,8.3,48.6,925.7,-66.6,50,120,19.4,21.3,42.2,51.1,43.9,19.6
20.07.2024 22:35,351,4.9,49.6,925.7,-45.9,50,120.62,19.8,22.2,42.9,51.3,44.7,19.8
20.07.2024 22:38,351,7.9,50.2,925.7,-69.4,50,119.37,20.3,22.9,43.5,51,45.1,19.8
20.07.2024 22:41,351,2.3,49.2,925.7,-47.6,50,119.37,20.8,23.6,44.1,51.3,45.7,20.1
20.07.2024 22:44,351,3.8,48.9,925.7,-73.6,50,120,21.3,24.3,44.8,51.3,46.3,20.1
20.07.2024 22:47,351,7.8,49.1,925.7,-55.6,50,120,21.8,24.8,45.4,51.2,46.7,19.9
20.07.2024 22:50,351,7.4,49.7,925.7,-74.2,50,119.37,22.4,25.4,46,51.7,47.4,20.1
20.07.2024 22:53,351,-7.2,49.1,925.7,-79.6,50,120,22.8,25.8,46.4,51.2,47.6,20
20.07.2024 22:56,351,3.6,49.4,925.7,-58.5,50,120,23.3,26.5,47,51.5,48.2,20.5
20.07.2024 22:59,351,6.8,49.5,925.7,-75.6,50,120.62,24.1,27.3,47.5,51.8,48.6,20.8
20.07.2024 23:02,351,-2.9,49.9,925.7,-76.3,50,120.62,24.8,28.1,47.9,51.7,48.9,20.8
20.07.2024 23:05,351,8.4,49.3,925.7,-50.7,50,120.62,25.6,28.5,48.3,51.3,49,20.4
20.07.2024 23:08,351,3.6,50.8,925.7,-57.1,50,120.62,26.2,29.3,48.6,51.3,49.1,19
20.07.2024 23:11,351,2.1,49.7,925.7,-80.8,50,120.62,26.9,29.7,49,51.3,49.3,19.6
20.07.2024 23:14,351,-6.1,49.9,925.7,-77.2,50,120.62,27.7,30.2,49.2,51.1,49.4,20.4
20.07.2024 23:17,351,9,48.2,925.7,-73,50,120.62,28.3,30.6,49.4,51.1,49.5,20.9
20.07.2024 23:20,351,7.3,48.5,925.7,-73.3,50,120.62,29.4,31.4,49.6,51.2,49.7,22.2
20.07.2024 23:23,351,4.3,49.1,925.7,-48.7,50,121.87,30.1,32.4,49.8,51.2,49.9,23.1
20.07.2024 23:26,351,10.3,48.4,925.7,-50.5,50,121.87,31.3,33.1,49.9,51.2,50,23.6
20.07.2024 23:29,351,4.1,50.4,925.7,-52.9,50,121.87,32.6,33.8,49.9,51.1,50,24.7
20.07.2024 23:32,351,2.3,48.4,925.7,-35.5,-50,162.14,33.5,34.9,49.9,50.8,49.9,26
20.07.2024 23:35,351,4.7,46.7,925.7,-25,-50,1166.08,39.4,39.7,50.8,51.4,50.5,23.1
20.07.2024 23:38,351,7.4,46.1,925.7,-18.8,-50,1986.5,35.2,33.6,35.5,36.3,36.4,29.1
20.07.2024 23:41,351,9.3,45.6,925.7,-13.9,-50,2227.8,34.8,33.5,34.9,35.5,35,29.4
